transaction_id,date,category,description,amount,payment_method,month,month_num,week,day_of_week,quarter
TXN0001,2024-01-01,Subscriptions,Software License,449.89,Debit Card,January,1,1,Monday,Q1
TXN0002,2024-01-02,Food & Dining,Team Lunch,1306.43,UPI,January,1,1,Tuesday,Q1
TXN0003,2024-01-02,Food & Dining,Team Lunch,2491.01,Net Banking,January,1,1,Tuesday,Q1
TXN0004,2024-01-02,Entertainment,Movie Tickets,963.35,Credit Card,January,1,1,Tuesday,Q1
TXN0005,2024-01-03,Transportation,Uber Ride,456.77,Net Banking,January,1,1,Wednesday,Q1
TXN0006,2024-01-03,Healthcare,Medicine,4960.69,UPI,January,1,1,Wednesday,Q1
TXN0007,2024-01-03,Transportation,Metro Card Recharge,80.57,UPI,January,1,1,Wednesday,Q1
TXN0008,2024-01-04,Transportation,Uber Ride,149.21,Cash,January,1,1,Thursday,Q1
TXN0009,2024-01-04,Personal Care,Skincare Products,388.03,Cash,January,1,1,Thursday,Q1
TXN0010,2024-01-04,Education,Certification,8730.67,UPI,January,1,1,Thursday,Q1
TXN0011,2024-01-05,Entertainment,Netflix,395.81,Credit Card,January,1,1,Friday,Q1
TXN0012,2024-01-05,Groceries,Milk & Bread,2164.41,Credit Card,January,1,1,Friday,Q1
TXN0013,2024-01-05,Groceries,DMart Groceries,3279.74,UPI,January,1,1,Friday,Q1
TXN0014,2024-01-05,Food & Dining,Team Lunch,2204.24,UPI,January,1,1,Friday,Q1
TXN0015,2024-01-05,Food & Dining,Swiggy Delivery,1447.07,Debit Card,January,1,1,Friday,Q1
TXN0016,2024-01-06,Food & Dining,Team Lunch,988.38,UPI,January,1,1,Saturday,Q1
TXN0017,2024-01-06,Groceries,Milk & Bread,2059.4,UPI,January,1,1,Saturday,Q1
TXN0018,2024-01-07,Transportation,Ola Cab,711.23,Net Banking,January,1,1,Sunday,Q1
TXN0019,2024-01-07,Shopping,Flipkart,965.47,UPI,January,1,1,Sunday,Q1
TXN0020,2024-01-07,Entertainment,Gaming,1671.41,Credit Card,January,1,1,Sunday,Q1
TXN0021,2024-01-07,Transportation,Auto Rickshaw,524.93,Debit Card,January,1,1,Sunday,Q1
TXN0022,2024-01-07,Transportation,Uber Ride,273.01,Cash,January,1,1,Sunday,Q1
TXN0023,2024-01-08,Shopping,Clothes,2510.96,Debit Card,January,1,2,Monday,Q1
TXN0024,2024-01-09,Transportation,Auto Rickshaw,745.81,Net Banking,January,1,2,Tuesday,Q1
TXN0025,2024-01-10,Personal Care,Haircut,1015.55,UPI,January,1,2,Wednesday,Q1
TXN0026,2024-01-11,Transportation,Petrol,244.57,UPI,January,1,2,Thursday,Q1
TXN0027,2024-01-11,Groceries,Big Basket,3827.7,Debit Card,January,1,2,Thursday,Q1
TXN0028,2024-01-12,Food & Dining,Cafe Visit,2400.89,UPI,January,1,2,Friday,Q1
TXN0029,2024-01-12,Transportation,Auto Rickshaw,235.33,UPI,January,1,2,Friday,Q1
TXN0030,2024-01-12,Entertainment,Netflix,2805.67,UPI,January,1,2,Friday,Q1
TXN0031,2024-01-12,Transportation,Ola Cab,100.51,Credit Card,January,1,2,Friday,Q1
TXN0032,2024-01-12,Groceries,DMart Groceries,3893.63,Cash,January,1,2,Friday,Q1
TXN0033,2024-01-13,Food & Dining,Cafe Visit,295.83,UPI,January,1,2,Saturday,Q1
TXN0034,2024-01-14,Healthcare,Medicine,3797.82,Debit Card,January,1,2,Sunday,Q1
TXN0035,2024-01-14,Transportation,Auto Rickshaw,778.55,UPI,January,1,2,Sunday,Q1
TXN0036,2024-01-15,Food & Dining,Swiggy Delivery,2208.71,Credit Card,January,1,3,Monday,Q1
TXN0037,2024-01-16,Groceries,Big Basket,1799.07,Cash,January,1,3,Tuesday,Q1
TXN0038,2024-01-16,Food & Dining,Zomato Order,269.36,Credit Card,January,1,3,Tuesday,Q1
TXN0039,2024-01-17,Subscriptions,Cloud Storage,201.45,UPI,January,1,3,Wednesday,Q1
TXN0040,2024-01-17,Food & Dining,Team Lunch,2486.92,Credit Card,January,1,3,Wednesday,Q1
TXN0041,2024-01-17,Transportation,Auto Rickshaw,136.88,UPI,January,1,3,Wednesday,Q1
TXN0042,2024-01-19,Utilities,Internet Bill,727.35,UPI,January,1,3,Friday,Q1
TXN0043,2024-01-19,Food & Dining,Team Lunch,366.87,Credit Card,January,1,3,Friday,Q1
TXN0044,2024-01-19,Healthcare,Lab Tests,2312.96,UPI,January,1,3,Friday,Q1
TXN0045,2024-01-20,Transportation,Ola Cab,518.11,Credit Card,January,1,3,Saturday,Q1
TXN0046,2024-01-20,Transportation,Metro Card Recharge,428.63,Credit Card,January,1,3,Saturday,Q1
TXN0047,2024-01-21,Groceries,Monthly Kirana,2163.92,Credit Card,January,1,3,Sunday,Q1
TXN0048,2024-01-21,Transportation,Petrol,732.14,Cash,January,1,3,Sunday,Q1
TXN0049,2024-01-21,Entertainment,Gaming,748.18,UPI,January,1,3,Sunday,Q1
TXN0050,2024-01-21,Food & Dining,Swiggy Delivery,474.44,UPI,January,1,3,Sunday,Q1
TXN0051,2024-01-22,Transportation,Uber Ride,515.69,UPI,January,1,4,Monday,Q1
TXN0052,2024-01-22,Food & Dining,Team Lunch,685.58,Net Banking,January,1,4,Monday,Q1
TXN0053,2024-01-22,Food & Dining,Swiggy Delivery,116.96,UPI,January,1,4,Monday,Q1
TXN0054,2024-01-23,Food & Dining,Restaurant Bill,1945.57,Cash,January,1,4,Tuesday,Q1
TXN0055,2024-01-23,Food & Dining,Cafe Visit,215.34,Cash,January,1,4,Tuesday,Q1
TXN0056,2024-01-24,Transportation,Petrol,369.12,UPI,January,1,4,Wednesday,Q1
TXN0057,2024-01-24,Groceries,DMart Groceries,3037.0,Cash,January,1,4,Wednesday,Q1
TXN0058,2024-01-25,Entertainment,Concert Tickets,851.14,UPI,January,1,4,Thursday,Q1
TXN0059,2024-01-25,Food & Dining,Restaurant Bill,2172.44,Cash,January,1,4,Thursday,Q1
TXN0060,2024-01-25,Food & Dining,Cafe Visit,2237.27,Credit Card,January,1,4,Thursday,Q1
TXN0061,2024-01-25,Entertainment,Gaming,2065.66,UPI,January,1,4,Thursday,Q1
TXN0062,2024-01-26,Travel,Goa Trip,5790.97,UPI,January,1,4,Friday,Q1
TXN0063,2024-01-26,Entertainment,Netflix,793.73,Credit Card,January,1,4,Friday,Q1
TXN0064,2024-01-27,Transportation,Petrol,701.04,Net Banking,January,1,4,Saturday,Q1
TXN0065,2024-01-28,Groceries,Vegetables,3911.07,UPI,January,1,4,Sunday,Q1
TXN0066,2024-01-28,Food & Dining,Team Lunch,985.39,Credit Card,January,1,4,Sunday,Q1
TXN0067,2024-01-29,Transportation,Petrol,341.97,UPI,January,1,5,Monday,Q1
TXN0068,2024-01-29,Transportation,Petrol,716.56,Net Banking,January,1,5,Monday,Q1
TXN0069,2024-01-30,Food & Dining,Team Lunch,1593.01,Cash,January,1,5,Tuesday,Q1
TXN0070,2024-01-31,Transportation,Metro Card Recharge,669.36,UPI,January,1,5,Wednesday,Q1
TXN0071,2024-01-31,Shopping,Accessories,7404.2,Credit Card,January,1,5,Wednesday,Q1
TXN0072,2024-02-01,Rent,Monthly Rent,11277.62,Credit Card,February,2,5,Thursday,Q1
TXN0073,2024-02-01,Shopping,Clothes,2291.38,UPI,February,2,5,Thursday,Q1
TXN0074,2024-02-01,Shopping,Myntra Order,1205.86,Debit Card,February,2,5,Thursday,Q1
TXN0075,2024-02-02,Transportation,Metro Card Recharge,292.71,Credit Card,February,2,5,Friday,Q1
TXN0076,2024-02-04,Subscriptions,Software License,898.56,Credit Card,February,2,5,Sunday,Q1
TXN0077,2024-02-05,Food & Dining,Cafe Visit,2493.41,Cash,February,2,6,Monday,Q1
TXN0078,2024-02-05,Entertainment,Amazon Prime,439.84,Cash,February,2,6,Monday,Q1
TXN0079,2024-02-06,Food & Dining,Zomato Order,2218.33,UPI,February,2,6,Tuesday,Q1
TXN0080,2024-02-08,Food & Dining,Team Lunch,931.13,Credit Card,February,2,6,Thursday,Q1
TXN0081,2024-02-08,Entertainment,Movie Tickets,1670.46,Debit Card,February,2,6,Thursday,Q1
TXN0082,2024-02-08,Transportation,Metro Card Recharge,445.27,Debit Card,February,2,6,Thursday,Q1
TXN0083,2024-02-08,Transportation,Auto Rickshaw,286.47,Credit Card,February,2,6,Thursday,Q1
TXN0084,2024-02-08,Transportation,Ola Cab,57.11,UPI,February,2,6,Thursday,Q1
TXN0085,2024-02-09,Transportation,Metro Card Recharge,474.3,UPI,February,2,6,Friday,Q1
TXN0086,2024-02-10,Food & Dining,Zomato Order,811.06,UPI,February,2,6,Saturday,Q1
TXN0087,2024-02-10,Transportation,Ola Cab,235.42,Cash,February,2,6,Saturday,Q1
TXN0088,2024-02-10,Groceries,Milk & Bread,2165.89,UPI,February,2,6,Saturday,Q1
TXN0089,2024-02-11,Food & Dining,Swiggy Delivery,1041.87,Debit Card,February,2,6,Sunday,Q1
TXN0090,2024-02-11,Utilities,Electricity Bill,1677.52,Cash,February,2,6,Sunday,Q1
TXN0091,2024-02-11,Shopping,Amazon Shopping,3746.54,Credit Card,February,2,6,Sunday,Q1
TXN0092,2024-02-11,Transportation,Ola Cab,482.39,UPI,February,2,6,Sunday,Q1
TXN0093,2024-02-11,Shopping,Clothes,4133.16,UPI,February,2,6,Sunday,Q1
TXN0094,2024-02-11,Subscriptions,YouTube Premium,843.13,Debit Card,February,2,6,Sunday,Q1
TXN0095,2024-02-12,Entertainment,Amazon Prime,1934.85,Debit Card,February,2,7,Monday,Q1
TXN0096,2024-02-12,Food & Dining,Restaurant Bill,569.9,UPI,February,2,7,Monday,Q1
TXN0097,2024-02-12,Food & Dining,Zomato Order,676.35,UPI,February,2,7,Monday,Q1
TXN0098,2024-02-13,Personal Care,Salon Visit,123.0,UPI,February,2,7,Tuesday,Q1
TXN0099,2024-02-13,Food & Dining,Cafe Visit,2354.8,Cash,February,2,7,Tuesday,Q1
TXN0100,2024-02-13,Food & Dining,Team Lunch,2446.96,Credit Card,February,2,7,Tuesday,Q1
TXN0101,2024-02-15,Transportation,Petrol,156.87,Credit Card,February,2,7,Thursday,Q1
TXN0102,2024-02-15,Transportation,Metro Card Recharge,85.22,UPI,February,2,7,Thursday,Q1
TXN0103,2024-02-15,Transportation,Ola Cab,396.57,UPI,February,2,7,Thursday,Q1
TXN0104,2024-02-15,Groceries,DMart Groceries,766.84,UPI,February,2,7,Thursday,Q1
TXN0105,2024-02-16,Food & Dining,Team Lunch,1797.35,Debit Card,February,2,7,Friday,Q1
TXN0106,2024-02-16,Groceries,Milk & Bread,3544.89,UPI,February,2,7,Friday,Q1
TXN0107,2024-02-16,Transportation,Ola Cab,83.12,Credit Card,February,2,7,Friday,Q1
TXN0108,2024-02-16,Food & Dining,Swiggy Delivery,1081.49,Debit Card,February,2,7,Friday,Q1
TXN0109,2024-02-16,Food & Dining,Zomato Order,1610.56,Debit Card,February,2,7,Friday,Q1
TXN0110,2024-02-17,Food & Dining,Team Lunch,989.96,Debit Card,February,2,7,Saturday,Q1
TXN0111,2024-02-18,Rent,Monthly Rent,9246.25,Net Banking,February,2,7,Sunday,Q1
TXN0112,2024-02-18,Travel,Bus Ticket,2176.27,UPI,February,2,7,Sunday,Q1
TXN0113,2024-02-18,Shopping,Clothes,3650.89,Cash,February,2,7,Sunday,Q1
TXN0114,2024-02-19,Groceries,Big Basket,3488.25,UPI,February,2,8,Monday,Q1
TXN0115,2024-02-19,Food & Dining,Restaurant Bill,1690.05,UPI,February,2,8,Monday,Q1
TXN0116,2024-02-20,Food & Dining,Restaurant Bill,2240.91,Credit Card,February,2,8,Tuesday,Q1
TXN0117,2024-02-20,Food & Dining,Cafe Visit,198.08,UPI,February,2,8,Tuesday,Q1
TXN0118,2024-02-20,Food & Dining,Zomato Order,759.36,UPI,February,2,8,Tuesday,Q1
TXN0119,2024-02-20,Subscriptions,Software License,920.96,Credit Card,February,2,8,Tuesday,Q1
TXN0120,2024-02-20,Food & Dining,Swiggy Delivery,1867.47,Cash,February,2,8,Tuesday,Q1
TXN0121,2024-02-21,Entertainment,Concert Tickets,2076.27,Cash,February,2,8,Wednesday,Q1
TXN0122,2024-02-22,Groceries,Monthly Kirana,1436.57,Debit Card,February,2,8,Thursday,Q1
TXN0123,2024-02-22,Food & Dining,Team Lunch,1999.79,Debit Card,February,2,8,Thursday,Q1
TXN0124,2024-02-22,Groceries,Big Basket,1956.42,Debit Card,February,2,8,Thursday,Q1
TXN0125,2024-02-22,Food & Dining,Cafe Visit,1274.69,Net Banking,February,2,8,Thursday,Q1
TXN0126,2024-02-22,Groceries,Vegetables,3313.85,Credit Card,February,2,8,Thursday,Q1
TXN0127,2024-02-22,Food & Dining,Cafe Visit,1508.2,Net Banking,February,2,8,Thursday,Q1
TXN0128,2024-02-23,Food & Dining,Zomato Order,1502.35,Cash,February,2,8,Friday,Q1
TXN0129,2024-02-23,Groceries,DMart Groceries,751.22,Debit Card,February,2,8,Friday,Q1
TXN0130,2024-02-24,Transportation,Auto Rickshaw,547.75,Cash,February,2,8,Saturday,Q1
TXN0131,2024-02-25,Subscriptions,Cloud Storage,784.72,Cash,February,2,8,Sunday,Q1
TXN0132,2024-02-25,Entertainment,Movie Tickets,1032.59,Credit Card,February,2,8,Sunday,Q1
TXN0133,2024-02-26,Groceries,DMart Groceries,3615.49,Debit Card,February,2,9,Monday,Q1
TXN0134,2024-02-27,Food & Dining,Swiggy Delivery,173.2,UPI,February,2,9,Tuesday,Q1
TXN0135,2024-02-27,Transportation,Uber Ride,50.77,UPI,February,2,9,Tuesday,Q1
TXN0136,2024-02-28,Food & Dining,Cafe Visit,1059.67,UPI,February,2,9,Wednesday,Q1
TXN0137,2024-02-28,Personal Care,Skincare Products,774.58,Debit Card,February,2,9,Wednesday,Q1
TXN0138,2024-02-28,Shopping,Myntra Order,3836.15,UPI,February,2,9,Wednesday,Q1
TXN0139,2024-03-01,Transportation,Metro Card Recharge,566.3,Credit Card,March,3,9,Friday,Q1
TXN0140,2024-03-01,Shopping,Myntra Order,6923.08,Debit Card,March,3,9,Friday,Q1
TXN0141,2024-03-02,Education,Online Course,8048.49,UPI,March,3,9,Saturday,Q1
TXN0142,2024-03-02,Food & Dining,Cafe Visit,1620.17,Cash,March,3,9,Saturday,Q1
TXN0143,2024-03-02,Transportation,Petrol,510.06,UPI,March,3,9,Saturday,Q1
TXN0144,2024-03-03,Entertainment,Gaming,2417.86,Credit Card,March,3,9,Sunday,Q1
TXN0145,2024-03-03,Food & Dining,Restaurant Bill,766.21,UPI,March,3,9,Sunday,Q1
TXN0146,2024-03-03,Shopping,Accessories,4037.26,UPI,March,3,9,Sunday,Q1
TXN0147,2024-03-03,Groceries,Monthly Kirana,3592.13,Credit Card,March,3,9,Sunday,Q1
TXN0148,2024-03-04,Groceries,Monthly Kirana,2575.55,Credit Card,March,3,10,Monday,Q1
TXN0149,2024-03-04,Transportation,Metro Card Recharge,319.44,UPI,March,3,10,Monday,Q1
TXN0150,2024-03-05,Groceries,Monthly Kirana,1696.24,Credit Card,March,3,10,Tuesday,Q1
TXN0151,2024-03-05,Entertainment,Gaming,1105.8,Debit Card,March,3,10,Tuesday,Q1
TXN0152,2024-03-05,Shopping,Myntra Order,3600.46,UPI,March,3,10,Tuesday,Q1
TXN0153,2024-03-05,Food & Dining,Swiggy Delivery,1252.89,Net Banking,March,3,10,Tuesday,Q1
TXN0154,2024-03-05,Transportation,Uber Ride,229.08,UPI,March,3,10,Tuesday,Q1
TXN0155,2024-03-06,Shopping,Flipkart,1051.23,Cash,March,3,10,Wednesday,Q1
TXN0156,2024-03-06,Entertainment,Movie Tickets,1266.55,UPI,March,3,10,Wednesday,Q1
TXN0157,2024-03-07,Subscriptions,Cloud Storage,966.62,UPI,March,3,10,Thursday,Q1
TXN0158,2024-03-07,Entertainment,Amazon Prime,1692.28,UPI,March,3,10,Thursday,Q1
TXN0159,2024-03-07,Food & Dining,Cafe Visit,1657.17,Credit Card,March,3,10,Thursday,Q1
TXN0160,2024-03-07,Transportation,Uber Ride,715.6,Credit Card,March,3,10,Thursday,Q1
TXN0161,2024-03-08,Entertainment,Gaming,2228.15,Credit Card,March,3,10,Friday,Q1
TXN0162,2024-03-08,Personal Care,Skincare Products,1205.08,Credit Card,March,3,10,Friday,Q1
TXN0163,2024-03-10,Shopping,Amazon Shopping,5160.01,UPI,March,3,10,Sunday,Q1
TXN0164,2024-03-11,Healthcare,Medicine,2508.67,Credit Card,March,3,11,Monday,Q1
TXN0165,2024-03-12,Transportation,Uber Ride,398.45,Debit Card,March,3,11,Tuesday,Q1
TXN0166,2024-03-13,Transportation,Ola Cab,106.35,Debit Card,March,3,11,Wednesday,Q1
TXN0167,2024-03-13,Subscriptions,Software License,374.68,Debit Card,March,3,11,Wednesday,Q1
TXN0168,2024-03-13,Transportation,Petrol,132.1,UPI,March,3,11,Wednesday,Q1
TXN0169,2024-03-13,Entertainment,Movie Tickets,1105.44,UPI,March,3,11,Wednesday,Q1
TXN0170,2024-03-15,Food & Dining,Cafe Visit,2345.52,Debit Card,March,3,11,Friday,Q1
TXN0171,2024-03-15,Subscriptions,Spotify,622.98,UPI,March,3,11,Friday,Q1
TXN0172,2024-03-15,Healthcare,Pharmacy,3830.07,Debit Card,March,3,11,Friday,Q1
TXN0173,2024-03-16,Transportation,Petrol,134.83,Debit Card,March,3,11,Saturday,Q1
TXN0174,2024-03-16,Travel,Hotel Booking,13216.34,Debit Card,March,3,11,Saturday,Q1
TXN0175,2024-03-16,Travel,Bus Ticket,12681.96,UPI,March,3,11,Saturday,Q1
TXN0176,2024-03-17,Transportation,Uber Ride,108.93,UPI,March,3,11,Sunday,Q1
TXN0177,2024-03-18,Groceries,Milk & Bread,2413.02,Credit Card,March,3,12,Monday,Q1
TXN0178,2024-03-18,Rent,House Rent,12998.41,Credit Card,March,3,12,Monday,Q1
TXN0179,2024-03-18,Food & Dining,Team Lunch,1355.36,UPI,March,3,12,Monday,Q1
TXN0180,2024-03-18,Food & Dining,Restaurant Bill,892.24,UPI,March,3,12,Monday,Q1
TXN0181,2024-03-20,Food & Dining,Team Lunch,1366.48,Net Banking,March,3,12,Wednesday,Q1
TXN0182,2024-03-21,Food & Dining,Swiggy Delivery,1807.22,Debit Card,March,3,12,Thursday,Q1
TXN0183,2024-03-22,Utilities,Internet Bill,1214.03,UPI,March,3,12,Friday,Q1
TXN0184,2024-03-22,Transportation,Auto Rickshaw,708.42,UPI,March,3,12,Friday,Q1
TXN0185,2024-03-23,Food & Dining,Zomato Order,693.64,Credit Card,March,3,12,Saturday,Q1
TXN0186,2024-03-24,Food & Dining,Zomato Order,711.14,Debit Card,March,3,12,Sunday,Q1
TXN0187,2024-03-24,Personal Care,Gym Membership,1173.66,Debit Card,March,3,12,Sunday,Q1
TXN0188,2024-03-24,Education,Books,671.0,Credit Card,March,3,12,Sunday,Q1
TXN0189,2024-03-24,Entertainment,Movie Tickets,1946.04,UPI,March,3,12,Sunday,Q1
TXN0190,2024-03-24,Transportation,Metro Card Recharge,494.71,UPI,March,3,12,Sunday,Q1
TXN0191,2024-03-24,Transportation,Uber Ride,464.75,Credit Card,March,3,12,Sunday,Q1
TXN0192,2024-03-25,Shopping,Amazon Shopping,2705.09,Credit Card,March,3,13,Monday,Q1
TXN0193,2024-03-26,Entertainment,Amazon Prime,2898.7,UPI,March,3,13,Tuesday,Q1
TXN0194,2024-03-26,Shopping,Amazon Shopping,4526.06,Credit Card,March,3,13,Tuesday,Q1
TXN0195,2024-03-26,Utilities,Internet Bill,1629.78,UPI,March,3,13,Tuesday,Q1
TXN0196,2024-03-26,Transportation,Uber Ride,241.48,Debit Card,March,3,13,Tuesday,Q1
TXN0197,2024-03-27,Utilities,Internet Bill,1574.49,UPI,March,3,13,Wednesday,Q1
TXN0198,2024-03-27,Utilities,Electricity Bill,1520.34,UPI,March,3,13,Wednesday,Q1
TXN0199,2024-03-27,Shopping,Flipkart,1825.35,Credit Card,March,3,13,Wednesday,Q1
TXN0200,2024-03-28,Food & Dining,Swiggy Delivery,900.9,UPI,March,3,13,Thursday,Q1
TXN0201,2024-03-28,Utilities,Electricity Bill,1013.58,Credit Card,March,3,13,Thursday,Q1
TXN0202,2024-03-29,Transportation,Uber Ride,494.7,Credit Card,March,3,13,Friday,Q1
TXN0203,2024-03-29,Food & Dining,Zomato Order,2417.52,Debit Card,March,3,13,Friday,Q1
TXN0204,2024-03-29,Personal Care,Gym Membership,1846.84,UPI,March,3,13,Friday,Q1
TXN0205,2024-03-29,Education,Course Fee,8333.08,UPI,March,3,13,Friday,Q1
TXN0206,2024-03-29,Transportation,Auto Rickshaw,703.07,Debit Card,March,3,13,Friday,Q1
TXN0207,2024-03-30,Groceries,Monthly Kirana,2328.89,UPI,March,3,13,Saturday,Q1
TXN0208,2024-03-30,Shopping,Accessories,4825.82,UPI,March,3,13,Saturday,Q1
TXN0209,2024-03-30,Food & Dining,Cafe Visit,1031.84,UPI,March,3,13,Saturday,Q1
TXN0210,2024-03-30,Subscriptions,Software License,958.55,Debit Card,March,3,13,Saturday,Q1
TXN0211,2024-03-30,Food & Dining,Restaurant Bill,865.54,Debit Card,March,3,13,Saturday,Q1
TXN0212,2024-03-31,Personal Care,Salon Visit,582.26,UPI,March,3,13,Sunday,Q1
TXN0213,2024-03-31,Personal Care,Salon Visit,623.54,Credit Card,March,3,13,Sunday,Q1
TXN0214,2024-03-31,Education,Workshop,4202.71,UPI,March,3,13,Sunday,Q1
TXN0215,2024-04-01,Shopping,Amazon Shopping,2267.3,Cash,April,4,14,Monday,Q2
TXN0216,2024-04-02,Subscriptions,Software License,158.8,Credit Card,April,4,14,Tuesday,Q2
TXN0217,2024-04-02,Travel,Bus Ticket,12878.34,Credit Card,April,4,14,Tuesday,Q2
TXN0218,2024-04-03,Food & Dining,Zomato Order,510.13,Debit Card,April,4,14,Wednesday,Q2
TXN0219,2024-04-03,Food & Dining,Cafe Visit,356.08,Cash,April,4,14,Wednesday,Q2
TXN0220,2024-04-03,Personal Care,Skincare Products,1317.17,Debit Card,April,4,14,Wednesday,Q2
TXN0221,2024-04-04,Transportation,Ola Cab,591.42,Debit Card,April,4,14,Thursday,Q2
TXN0222,2024-04-04,Food & Dining,Restaurant Bill,1536.26,Credit Card,April,4,14,Thursday,Q2
TXN0223,2024-04-05,Food & Dining,Team Lunch,1418.14,Debit Card,April,4,14,Friday,Q2
TXN0224,2024-04-05,Food & Dining,Team Lunch,1769.24,UPI,April,4,14,Friday,Q2
TXN0225,2024-04-05,Transportation,Uber Ride,491.04,UPI,April,4,14,Friday,Q2
TXN0226,2024-04-05,Food & Dining,Cafe Visit,2155.58,Debit Card,April,4,14,Friday,Q2
TXN0227,2024-04-07,Food & Dining,Zomato Order,1620.47,Credit Card,April,4,14,Sunday,Q2
TXN0228,2024-04-08,Food & Dining,Cafe Visit,1780.86,Debit Card,April,4,15,Monday,Q2
TXN0229,2024-04-08,Food & Dining,Swiggy Delivery,1519.11,UPI,April,4,15,Monday,Q2
TXN0230,2024-04-08,Food & Dining,Team Lunch,1090.28,UPI,April,4,15,Monday,Q2
TXN0231,2024-04-08,Entertainment,Amazon Prime,408.96,Debit Card,April,4,15,Monday,Q2
TXN0232,2024-04-08,Food & Dining,Cafe Visit,421.25,UPI,April,4,15,Monday,Q2
TXN0233,2024-04-08,Food & Dining,Team Lunch,1545.86,Credit Card,April,4,15,Monday,Q2
TXN0234,2024-04-09,Groceries,DMart Groceries,2872.35,Credit Card,April,4,15,Tuesday,Q2
TXN0235,2024-04-09,Entertainment,Netflix,1386.47,Debit Card,April,4,15,Tuesday,Q2
TXN0236,2024-04-09,Groceries,Milk & Bread,3675.2,Cash,April,4,15,Tuesday,Q2
TXN0237,2024-04-09,Food & Dining,Cafe Visit,126.01,Cash,April,4,15,Tuesday,Q2
TXN0238,2024-04-10,Food & Dining,Restaurant Bill,1602.26,Debit Card,April,4,15,Wednesday,Q2
TXN0239,2024-04-10,Food & Dining,Zomato Order,783.62,UPI,April,4,15,Wednesday,Q2
TXN0240,2024-04-10,Food & Dining,Cafe Visit,1353.38,Debit Card,April,4,15,Wednesday,Q2
TXN0241,2024-04-11,Entertainment,Concert Tickets,1761.79,Debit Card,April,4,15,Thursday,Q2
TXN0242,2024-04-11,Transportation,Uber Ride,295.27,Debit Card,April,4,15,Thursday,Q2
TXN0243,2024-04-11,Education,Online Course,3160.35,Cash,April,4,15,Thursday,Q2
TXN0244,2024-04-11,Transportation,Petrol,492.67,UPI,April,4,15,Thursday,Q2
TXN0245,2024-04-12,Food & Dining,Team Lunch,2011.7,UPI,April,4,15,Friday,Q2
TXN0246,2024-04-12,Transportation,Metro Card Recharge,77.76,Credit Card,April,4,15,Friday,Q2
TXN0247,2024-04-16,Groceries,Vegetables,1446.38,Debit Card,April,4,16,Tuesday,Q2
TXN0248,2024-04-16,Subscriptions,Cloud Storage,485.94,Debit Card,April,4,16,Tuesday,Q2
TXN0249,2024-04-17,Groceries,Monthly Kirana,3452.77,Net Banking,April,4,16,Wednesday,Q2
TXN0250,2024-04-17,Transportation,Auto Rickshaw,140.43,UPI,April,4,16,Wednesday,Q2
TXN0251,2024-04-17,Food & Dining,Team Lunch,1594.94,UPI,April,4,16,Wednesday,Q2
TXN0252,2024-04-17,Food & Dining,Swiggy Delivery,547.77,Cash,April,4,16,Wednesday,Q2
TXN0253,2024-04-18,Subscriptions,Spotify,646.11,UPI,April,4,16,Thursday,Q2
TXN0254,2024-04-18,Personal Care,Skincare Products,1223.15,UPI,April,4,16,Thursday,Q2
TXN0255,2024-04-18,Personal Care,Skincare Products,770.8,Cash,April,4,16,Thursday,Q2
TXN0256,2024-04-19,Transportation,Ola Cab,531.93,Debit Card,April,4,16,Friday,Q2
TXN0257,2024-04-19,Education,Course Fee,9152.32,Debit Card,April,4,16,Friday,Q2
TXN0258,2024-04-19,Entertainment,Concert Tickets,2715.13,Debit Card,April,4,16,Friday,Q2
TXN0259,2024-04-20,Groceries,Vegetables,1655.85,Cash,April,4,16,Saturday,Q2
TXN0260,2024-04-20,Personal Care,Gym Membership,1457.41,Debit Card,April,4,16,Saturday,Q2
TXN0261,2024-04-20,Food & Dining,Cafe Visit,2126.66,Debit Card,April,4,16,Saturday,Q2
TXN0262,2024-04-20,Food & Dining,Cafe Visit,1842.63,Credit Card,April,4,16,Saturday,Q2
TXN0263,2024-04-20,Food & Dining,Zomato Order,1868.37,Credit Card,April,4,16,Saturday,Q2
TXN0264,2024-04-21,Personal Care,Salon Visit,1724.56,UPI,April,4,16,Sunday,Q2
TXN0265,2024-04-21,Healthcare,Pharmacy,3962.2,Credit Card,April,4,16,Sunday,Q2
TXN0266,2024-04-22,Groceries,Milk & Bread,814.34,UPI,April,4,17,Monday,Q2
TXN0267,2024-04-22,Healthcare,Medicine,2283.29,UPI,April,4,17,Monday,Q2
TXN0268,2024-04-22,Transportation,Uber Ride,591.15,Credit Card,April,4,17,Monday,Q2
TXN0269,2024-04-22,Rent,Flat Rent,10805.34,Credit Card,April,4,17,Monday,Q2
TXN0270,2024-04-22,Healthcare,Lab Tests,3071.48,Debit Card,April,4,17,Monday,Q2
TXN0271,2024-04-23,Food & Dining,Cafe Visit,1609.46,Cash,April,4,17,Tuesday,Q2
TXN0272,2024-04-23,Utilities,Electricity Bill,1914.61,UPI,April,4,17,Tuesday,Q2
TXN0273,2024-04-23,Transportation,Ola Cab,233.11,Debit Card,April,4,17,Tuesday,Q2
TXN0274,2024-04-23,Shopping,Clothes,1600.18,Credit Card,April,4,17,Tuesday,Q2
TXN0275,2024-04-23,Transportation,Auto Rickshaw,421.36,Credit Card,April,4,17,Tuesday,Q2
TXN0276,2024-04-24,Transportation,Uber Ride,668.51,UPI,April,4,17,Wednesday,Q2
TXN0277,2024-04-24,Food & Dining,Team Lunch,776.45,UPI,April,4,17,Wednesday,Q2
TXN0278,2024-04-25,Personal Care,Gym Membership,834.01,Credit Card,April,4,17,Thursday,Q2
TXN0279,2024-04-25,Food & Dining,Zomato Order,806.68,UPI,April,4,17,Thursday,Q2
TXN0280,2024-04-26,Personal Care,Skincare Products,161.97,UPI,April,4,17,Friday,Q2
TXN0281,2024-04-26,Transportation,Auto Rickshaw,660.32,UPI,April,4,17,Friday,Q2
TXN0282,2024-04-27,Groceries,Big Basket,1625.23,Credit Card,April,4,17,Saturday,Q2
TXN0283,2024-04-27,Subscriptions,Cloud Storage,734.03,Debit Card,April,4,17,Saturday,Q2
TXN0284,2024-04-28,Groceries,DMart Groceries,1055.18,Cash,April,4,17,Sunday,Q2
TXN0285,2024-04-28,Entertainment,Gaming,1699.0,UPI,April,4,17,Sunday,Q2
TXN0286,2024-04-28,Food & Dining,Zomato Order,1005.48,UPI,April,4,17,Sunday,Q2
TXN0287,2024-04-29,Transportation,Petrol,654.25,Credit Card,April,4,18,Monday,Q2
TXN0288,2024-04-29,Education,Course Fee,7185.02,Credit Card,April,4,18,Monday,Q2
TXN0289,2024-04-29,Education,Certification,2260.64,UPI,April,4,18,Monday,Q2
TXN0290,2024-04-30,Entertainment,Movie Tickets,2551.61,Cash,April,4,18,Tuesday,Q2
TXN0291,2024-05-01,Utilities,Electricity Bill,1723.92,Cash,May,5,18,Wednesday,Q2
TXN0292,2024-05-01,Subscriptions,Spotify,203.53,Net Banking,May,5,18,Wednesday,Q2
TXN0293,2024-05-02,Groceries,Big Basket,3541.3,Debit Card,May,5,18,Thursday,Q2
TXN0294,2024-05-03,Entertainment,Amazon Prime,2873.05,Debit Card,May,5,18,Friday,Q2
TXN0295,2024-05-04,Shopping,Clothes,6069.48,UPI,May,5,18,Saturday,Q2
TXN0296,2024-05-04,Food & Dining,Zomato Order,823.31,Debit Card,May,5,18,Saturday,Q2
TXN0297,2024-05-05,Subscriptions,Software License,449.53,UPI,May,5,18,Sunday,Q2
TXN0298,2024-05-05,Subscriptions,Software License,635.39,UPI,May,5,18,Sunday,Q2
TXN0299,2024-05-06,Groceries,Big Basket,3595.48,Debit Card,May,5,19,Monday,Q2
TXN0300,2024-05-06,Groceries,Big Basket,690.16,Debit Card,May,5,19,Monday,Q2
TXN0301,2024-05-07,Food & Dining,Swiggy Delivery,1342.6,Debit Card,May,5,19,Tuesday,Q2
TXN0302,2024-05-07,Food & Dining,Zomato Order,2037.86,Cash,May,5,19,Tuesday,Q2
TXN0303,2024-05-08,Food & Dining,Restaurant Bill,515.91,UPI,May,5,19,Wednesday,Q2
TXN0304,2024-05-08,Shopping,Myntra Order,6307.64,UPI,May,5,19,Wednesday,Q2
TXN0305,2024-05-08,Shopping,Clothes,557.05,UPI,May,5,19,Wednesday,Q2
TXN0306,2024-05-09,Utilities,Water Bill,1156.4,UPI,May,5,19,Thursday,Q2
TXN0307,2024-05-10,Transportation,Metro Card Recharge,108.32,UPI,May,5,19,Friday,Q2
TXN0308,2024-05-10,Rent,House Rent,10613.17,UPI,May,5,19,Friday,Q2
TXN0309,2024-05-10,Shopping,Accessories,7074.63,Credit Card,May,5,19,Friday,Q2
TXN0310,2024-05-10,Transportation,Ola Cab,517.22,Credit Card,May,5,19,Friday,Q2
TXN0311,2024-05-11,Travel,Train Ticket,17557.81,UPI,May,5,19,Saturday,Q2
TXN0312,2024-05-11,Healthcare,Lab Tests,3665.94,Cash,May,5,19,Saturday,Q2
TXN0313,2024-05-11,Rent,Flat Rent,9273.5,Cash,May,5,19,Saturday,Q2
TXN0314,2024-05-12,Food & Dining,Swiggy Delivery,1868.89,Credit Card,May,5,19,Sunday,Q2
TXN0315,2024-05-12,Food & Dining,Restaurant Bill,1205.87,UPI,May,5,19,Sunday,Q2
TXN0316,2024-05-12,Shopping,Myntra Order,7795.62,UPI,May,5,19,Sunday,Q2
TXN0317,2024-05-13,Shopping,Flipkart,5768.87,UPI,May,5,20,Monday,Q2
TXN0318,2024-05-14,Utilities,Internet Bill,770.89,UPI,May,5,20,Tuesday,Q2
TXN0319,2024-05-14,Groceries,Milk & Bread,3577.39,Debit Card,May,5,20,Tuesday,Q2
TXN0320,2024-05-14,Food & Dining,Cafe Visit,1830.26,UPI,May,5,20,Tuesday,Q2
TXN0321,2024-05-14,Food & Dining,Zomato Order,2140.09,Credit Card,May,5,20,Tuesday,Q2
TXN0322,2024-05-15,Entertainment,Gaming,2427.26,Cash,May,5,20,Wednesday,Q2
TXN0323,2024-05-16,Food & Dining,Zomato Order,592.0,UPI,May,5,20,Thursday,Q2
TXN0324,2024-05-17,Food & Dining,Restaurant Bill,2475.9,UPI,May,5,20,Friday,Q2
TXN0325,2024-05-17,Shopping,Myntra Order,2875.74,UPI,May,5,20,Friday,Q2
TXN0326,2024-05-17,Entertainment,Movie Tickets,919.27,Credit Card,May,5,20,Friday,Q2
TXN0327,2024-05-17,Personal Care,Salon Visit,481.06,UPI,May,5,20,Friday,Q2
TXN0328,2024-05-18,Food & Dining,Swiggy Delivery,2336.83,UPI,May,5,20,Saturday,Q2
TXN0329,2024-05-18,Groceries,Milk & Bread,1225.58,Debit Card,May,5,20,Saturday,Q2
TXN0330,2024-05-18,Subscriptions,Software License,600.94,UPI,May,5,20,Saturday,Q2
TXN0331,2024-05-19,Transportation,Auto Rickshaw,767.31,Debit Card,May,5,20,Sunday,Q2
TXN0332,2024-05-20,Personal Care,Haircut,1723.02,Debit Card,May,5,21,Monday,Q2
TXN0333,2024-05-20,Entertainment,Concert Tickets,1884.51,Debit Card,May,5,21,Monday,Q2
TXN0334,2024-05-20,Groceries,Big Basket,3137.0,Debit Card,May,5,21,Monday,Q2
TXN0335,2024-05-21,Education,Course Fee,9084.27,UPI,May,5,21,Tuesday,Q2
TXN0336,2024-05-21,Entertainment,Gaming,529.42,UPI,May,5,21,Tuesday,Q2
TXN0337,2024-05-22,Entertainment,Amazon Prime,844.69,UPI,May,5,21,Wednesday,Q2
TXN0338,2024-05-22,Food & Dining,Swiggy Delivery,1913.32,UPI,May,5,21,Wednesday,Q2
TXN0339,2024-05-22,Entertainment,Netflix,2978.04,Cash,May,5,21,Wednesday,Q2
TXN0340,2024-05-22,Food & Dining,Swiggy Delivery,1001.4,UPI,May,5,21,Wednesday,Q2
TXN0341,2024-05-22,Transportation,Uber Ride,569.88,UPI,May,5,21,Wednesday,Q2
TXN0342,2024-05-22,Transportation,Ola Cab,200.11,UPI,May,5,21,Wednesday,Q2
TXN0343,2024-05-23,Food & Dining,Swiggy Delivery,2442.04,Credit Card,May,5,21,Thursday,Q2
TXN0344,2024-05-23,Food & Dining,Team Lunch,480.75,UPI,May,5,21,Thursday,Q2
TXN0345,2024-05-23,Food & Dining,Cafe Visit,2061.33,Credit Card,May,5,21,Thursday,Q2
TXN0346,2024-05-24,Food & Dining,Restaurant Bill,1057.17,Credit Card,May,5,21,Friday,Q2
TXN0347,2024-05-24,Transportation,Metro Card Recharge,118.37,UPI,May,5,21,Friday,Q2
TXN0348,2024-05-24,Food & Dining,Team Lunch,771.43,Credit Card,May,5,21,Friday,Q2
TXN0349,2024-05-24,Food & Dining,Cafe Visit,2373.4,Net Banking,May,5,21,Friday,Q2
TXN0350,2024-05-25,Entertainment,Gaming,977.71,Cash,May,5,21,Saturday,Q2
TXN0351,2024-05-25,Food & Dining,Restaurant Bill,2424.76,Debit Card,May,5,21,Saturday,Q2
TXN0352,2024-05-25,Entertainment,Movie Tickets,1332.09,Credit Card,May,5,21,Saturday,Q2
TXN0353,2024-05-26,Transportation,Auto Rickshaw,142.08,Cash,May,5,21,Sunday,Q2
TXN0354,2024-05-26,Subscriptions,Spotify,504.54,Cash,May,5,21,Sunday,Q2
TXN0355,2024-05-26,Subscriptions,Spotify,635.69,Credit Card,May,5,21,Sunday,Q2
TXN0356,2024-05-27,Shopping,Accessories,1285.51,Cash,May,5,22,Monday,Q2
TXN0357,2024-05-27,Transportation,Uber Ride,309.51,Debit Card,May,5,22,Monday,Q2
TXN0358,2024-05-27,Rent,Monthly Rent,10902.37,UPI,May,5,22,Monday,Q2
TXN0359,2024-05-27,Education,Online Course,2658.21,Debit Card,May,5,22,Monday,Q2
TXN0360,2024-05-28,Personal Care,Skincare Products,1081.73,Debit Card,May,5,22,Tuesday,Q2
TXN0361,2024-05-28,Food & Dining,Restaurant Bill,1010.33,Debit Card,May,5,22,Tuesday,Q2
TXN0362,2024-05-28,Utilities,Water Bill,1967.6,Debit Card,May,5,22,Tuesday,Q2
TXN0363,2024-05-29,Food & Dining,Cafe Visit,640.8,UPI,May,5,22,Wednesday,Q2
TXN0364,2024-05-29,Food & Dining,Restaurant Bill,235.39,Debit Card,May,5,22,Wednesday,Q2
TXN0365,2024-05-30,Food & Dining,Cafe Visit,407.31,UPI,May,5,22,Thursday,Q2
TXN0366,2024-05-30,Food & Dining,Cafe Visit,1399.48,Debit Card,May,5,22,Thursday,Q2
TXN0367,2024-05-31,Food & Dining,Cafe Visit,1070.82,Cash,May,5,22,Friday,Q2
TXN0368,2024-05-31,Utilities,Internet Bill,553.36,Credit Card,May,5,22,Friday,Q2
TXN0369,2024-05-31,Food & Dining,Zomato Order,2362.98,UPI,May,5,22,Friday,Q2
TXN0370,2024-06-01,Food & Dining,Restaurant Bill,952.87,UPI,June,6,22,Saturday,Q2
TXN0371,2024-06-01,Utilities,Water Bill,1063.99,Credit Card,June,6,22,Saturday,Q2
TXN0372,2024-06-01,Food & Dining,Restaurant Bill,472.1,Net Banking,June,6,22,Saturday,Q2
TXN0373,2024-06-01,Food & Dining,Restaurant Bill,112.15,UPI,June,6,22,Saturday,Q2
TXN0374,2024-06-01,Subscriptions,Spotify,671.76,UPI,June,6,22,Saturday,Q2
TXN0375,2024-06-01,Groceries,Vegetables,3206.0,Credit Card,June,6,22,Saturday,Q2
TXN0376,2024-06-02,Food & Dining,Swiggy Delivery,188.04,UPI,June,6,22,Sunday,Q2
TXN0377,2024-06-02,Entertainment,Amazon Prime,915.81,UPI,June,6,22,Sunday,Q2
TXN0378,2024-06-02,Shopping,Myntra Order,3524.71,UPI,June,6,22,Sunday,Q2
TXN0379,2024-06-02,Personal Care,Salon Visit,126.96,Debit Card,June,6,22,Sunday,Q2
TXN0380,2024-06-02,Healthcare,Medicine,2079.32,Credit Card,June,6,22,Sunday,Q2
TXN0381,2024-06-02,Personal Care,Haircut,1795.86,Credit Card,June,6,22,Sunday,Q2
TXN0382,2024-06-03,Food & Dining,Restaurant Bill,1702.14,UPI,June,6,23,Monday,Q2
TXN0383,2024-06-04,Shopping,Accessories,6660.03,UPI,June,6,23,Tuesday,Q2
TXN0384,2024-06-04,Personal Care,Haircut,534.49,Credit Card,June,6,23,Tuesday,Q2
TXN0385,2024-06-04,Food & Dining,Cafe Visit,905.58,UPI,June,6,23,Tuesday,Q2
TXN0386,2024-06-05,Subscriptions,Cloud Storage,564.52,UPI,June,6,23,Wednesday,Q2
TXN0387,2024-06-05,Food & Dining,Team Lunch,464.02,UPI,June,6,23,Wednesday,Q2
TXN0388,2024-06-05,Groceries,Vegetables,1363.11,Credit Card,June,6,23,Wednesday,Q2
TXN0389,2024-06-06,Transportation,Uber Ride,731.53,UPI,June,6,23,Thursday,Q2
TXN0390,2024-06-06,Entertainment,Movie Tickets,1461.04,Debit Card,June,6,23,Thursday,Q2
TXN0391,2024-06-07,Healthcare,Lab Tests,310.08,UPI,June,6,23,Friday,Q2
TXN0392,2024-06-07,Transportation,Auto Rickshaw,603.84,Cash,June,6,23,Friday,Q2
TXN0393,2024-06-07,Food & Dining,Cafe Visit,1009.17,Credit Card,June,6,23,Friday,Q2
TXN0394,2024-06-08,Transportation,Auto Rickshaw,397.54,Credit Card,June,6,23,Saturday,Q2
TXN0395,2024-06-08,Food & Dining,Restaurant Bill,2356.55,Credit Card,June,6,23,Saturday,Q2
TXN0396,2024-06-08,Personal Care,Skincare Products,1074.17,Credit Card,June,6,23,Saturday,Q2
TXN0397,2024-06-09,Food & Dining,Cafe Visit,143.38,Credit Card,June,6,23,Sunday,Q2
TXN0398,2024-06-09,Shopping,Amazon Shopping,1464.6,UPI,June,6,23,Sunday,Q2
TXN0399,2024-06-09,Food & Dining,Team Lunch,986.15,Credit Card,June,6,23,Sunday,Q2
TXN0400,2024-06-10,Subscriptions,Cloud Storage,250.5,UPI,June,6,24,Monday,Q2
TXN0401,2024-06-10,Groceries,Vegetables,3280.8,Debit Card,June,6,24,Monday,Q2
TXN0402,2024-06-10,Travel,Flight Ticket,12876.63,Net Banking,June,6,24,Monday,Q2
TXN0403,2024-06-10,Shopping,Flipkart,1577.85,Cash,June,6,24,Monday,Q2
TXN0404,2024-06-10,Rent,House Rent,10861.14,UPI,June,6,24,Monday,Q2
TXN0405,2024-06-10,Groceries,Monthly Kirana,1136.09,Credit Card,June,6,24,Monday,Q2
TXN0406,2024-06-11,Shopping,Amazon Shopping,1393.18,UPI,June,6,24,Tuesday,Q2
TXN0407,2024-06-11,Entertainment,Netflix,685.87,Debit Card,June,6,24,Tuesday,Q2
TXN0408,2024-06-11,Food & Dining,Swiggy Delivery,1643.89,Credit Card,June,6,24,Tuesday,Q2
TXN0409,2024-06-11,Groceries,Vegetables,1201.66,UPI,June,6,24,Tuesday,Q2
TXN0410,2024-06-11,Transportation,Uber Ride,146.34,UPI,June,6,24,Tuesday,Q2
TXN0411,2024-06-11,Transportation,Petrol,73.35,Debit Card,June,6,24,Tuesday,Q2
TXN0412,2024-06-12,Food & Dining,Restaurant Bill,1429.25,Net Banking,June,6,24,Wednesday,Q2
TXN0413,2024-06-12,Entertainment,Gaming,619.17,Credit Card,June,6,24,Wednesday,Q2
TXN0414,2024-06-13,Transportation,Auto Rickshaw,538.57,Debit Card,June,6,24,Thursday,Q2
TXN0415,2024-06-13,Transportation,Uber Ride,155.81,Credit Card,June,6,24,Thursday,Q2
TXN0416,2024-06-13,Groceries,Big Basket,3688.74,Debit Card,June,6,24,Thursday,Q2
TXN0417,2024-06-13,Shopping,Flipkart,7855.99,UPI,June,6,24,Thursday,Q2
TXN0418,2024-06-14,Transportation,Uber Ride,475.66,Debit Card,June,6,24,Friday,Q2
TXN0419,2024-06-16,Transportation,Auto Rickshaw,238.05,Credit Card,June,6,24,Sunday,Q2
TXN0420,2024-06-17,Groceries,Big Basket,1475.66,UPI,June,6,25,Monday,Q2
TXN0421,2024-06-18,Food & Dining,Zomato Order,524.83,UPI,June,6,25,Tuesday,Q2
TXN0422,2024-06-18,Food & Dining,Zomato Order,2042.47,Debit Card,June,6,25,Tuesday,Q2
TXN0423,2024-06-18,Transportation,Auto Rickshaw,657.14,Debit Card,June,6,25,Tuesday,Q2
TXN0424,2024-06-18,Personal Care,Haircut,711.17,Debit Card,June,6,25,Tuesday,Q2
TXN0425,2024-06-19,Transportation,Petrol,304.91,Debit Card,June,6,25,Wednesday,Q2
TXN0426,2024-06-20,Utilities,Internet Bill,796.21,Cash,June,6,25,Thursday,Q2
TXN0427,2024-06-20,Subscriptions,Software License,923.97,Credit Card,June,6,25,Thursday,Q2
TXN0428,2024-06-20,Entertainment,Amazon Prime,321.56,Credit Card,June,6,25,Thursday,Q2
TXN0429,2024-06-21,Food & Dining,Cafe Visit,566.26,UPI,June,6,25,Friday,Q2
TXN0430,2024-06-21,Transportation,Metro Card Recharge,186.59,Debit Card,June,6,25,Friday,Q2
TXN0431,2024-06-21,Transportation,Uber Ride,678.58,Credit Card,June,6,25,Friday,Q2
TXN0432,2024-06-21,Groceries,Milk & Bread,2942.15,UPI,June,6,25,Friday,Q2
TXN0433,2024-06-21,Food & Dining,Cafe Visit,1946.78,UPI,June,6,25,Friday,Q2
TXN0434,2024-06-22,Transportation,Auto Rickshaw,447.77,UPI,June,6,25,Saturday,Q2
TXN0435,2024-06-23,Groceries,Monthly Kirana,3175.85,Credit Card,June,6,25,Sunday,Q2
TXN0436,2024-06-23,Groceries,Vegetables,3711.2,UPI,June,6,25,Sunday,Q2
TXN0437,2024-06-23,Entertainment,Movie Tickets,858.66,Cash,June,6,25,Sunday,Q2
TXN0438,2024-06-23,Transportation,Ola Cab,547.85,Credit Card,June,6,25,Sunday,Q2
TXN0439,2024-06-24,Transportation,Petrol,421.91,UPI,June,6,26,Monday,Q2
TXN0440,2024-06-24,Shopping,Flipkart,1471.2,Credit Card,June,6,26,Monday,Q2
TXN0441,2024-06-24,Transportation,Ola Cab,562.44,UPI,June,6,26,Monday,Q2
TXN0442,2024-06-25,Groceries,Milk & Bread,1820.6,Cash,June,6,26,Tuesday,Q2
TXN0443,2024-06-26,Transportation,Auto Rickshaw,306.99,Credit Card,June,6,26,Wednesday,Q2
TXN0444,2024-06-26,Transportation,Metro Card Recharge,418.39,Net Banking,June,6,26,Wednesday,Q2
TXN0445,2024-06-27,Food & Dining,Cafe Visit,175.43,Credit Card,June,6,26,Thursday,Q2
TXN0446,2024-06-27,Transportation,Auto Rickshaw,81.18,UPI,June,6,26,Thursday,Q2
TXN0447,2024-06-27,Groceries,Vegetables,3630.58,Credit Card,June,6,26,Thursday,Q2
TXN0448,2024-06-28,Food & Dining,Cafe Visit,972.71,Net Banking,June,6,26,Friday,Q2
TXN0449,2024-06-29,Personal Care,Salon Visit,636.7,Credit Card,June,6,26,Saturday,Q2
TXN0450,2024-06-29,Transportation,Petrol,560.11,Credit Card,June,6,26,Saturday,Q2
TXN0451,2024-06-29,Food & Dining,Restaurant Bill,1286.61,UPI,June,6,26,Saturday,Q2
TXN0452,2024-06-29,Transportation,Petrol,733.88,Net Banking,June,6,26,Saturday,Q2
TXN0453,2024-06-30,Shopping,Myntra Order,2034.22,UPI,June,6,26,Sunday,Q2
TXN0454,2024-06-30,Food & Dining,Swiggy Delivery,2109.98,UPI,June,6,26,Sunday,Q2
TXN0455,2024-07-01,Subscriptions,Cloud Storage,885.8,Credit Card,July,7,27,Monday,Q3
TXN0456,2024-07-01,Groceries,DMart Groceries,2260.79,Credit Card,July,7,27,Monday,Q3
TXN0457,2024-07-02,Food & Dining,Team Lunch,1305.49,Credit Card,July,7,27,Tuesday,Q3
TXN0458,2024-07-04,Healthcare,Doctor Consultation,244.79,UPI,July,7,27,Thursday,Q3
TXN0459,2024-07-04,Groceries,Vegetables,648.02,Credit Card,July,7,27,Thursday,Q3
TXN0460,2024-07-06,Healthcare,Lab Tests,4012.15,UPI,July,7,27,Saturday,Q3
TXN0461,2024-07-06,Transportation,Auto Rickshaw,577.96,Cash,July,7,27,Saturday,Q3
TXN0462,2024-07-06,Groceries,Vegetables,1891.77,Debit Card,July,7,27,Saturday,Q3
TXN0463,2024-07-06,Entertainment,Gaming,2009.05,Credit Card,July,7,27,Saturday,Q3
TXN0464,2024-07-07,Personal Care,Haircut,1480.82,Debit Card,July,7,27,Sunday,Q3
TXN0465,2024-07-07,Utilities,Water Bill,1615.14,Credit Card,July,7,27,Sunday,Q3
TXN0466,2024-07-07,Groceries,Monthly Kirana,3742.34,UPI,July,7,27,Sunday,Q3
TXN0467,2024-07-08,Food & Dining,Restaurant Bill,880.79,UPI,July,7,28,Monday,Q3
TXN0468,2024-07-10,Subscriptions,YouTube Premium,560.4,UPI,July,7,28,Wednesday,Q3
TXN0469,2024-07-10,Food & Dining,Restaurant Bill,2481.31,Credit Card,July,7,28,Wednesday,Q3
TXN0470,2024-07-10,Utilities,Electricity Bill,1680.36,UPI,July,7,28,Wednesday,Q3
TXN0471,2024-07-10,Transportation,Ola Cab,86.16,Net Banking,July,7,28,Wednesday,Q3
TXN0472,2024-07-11,Transportation,Uber Ride,112.1,Credit Card,July,7,28,Thursday,Q3
TXN0473,2024-07-12,Food & Dining,Swiggy Delivery,1436.23,Credit Card,July,7,28,Friday,Q3
TXN0474,2024-07-12,Food & Dining,Zomato Order,1760.55,Debit Card,July,7,28,Friday,Q3
TXN0475,2024-07-13,Personal Care,Skincare Products,280.6,Debit Card,July,7,28,Saturday,Q3
TXN0476,2024-07-13,Transportation,Auto Rickshaw,381.52,UPI,July,7,28,Saturday,Q3
TXN0477,2024-07-14,Entertainment,Amazon Prime,2645.34,UPI,July,7,28,Sunday,Q3
TXN0478,2024-07-14,Entertainment,Concert Tickets,1438.75,Debit Card,July,7,28,Sunday,Q3
TXN0479,2024-07-15,Food & Dining,Team Lunch,2499.32,Net Banking,July,7,29,Monday,Q3
TXN0480,2024-07-15,Shopping,Amazon Shopping,7726.47,UPI,July,7,29,Monday,Q3
TXN0481,2024-07-16,Shopping,Flipkart,5198.57,Debit Card,July,7,29,Tuesday,Q3
TXN0482,2024-07-16,Food & Dining,Team Lunch,181.31,UPI,July,7,29,Tuesday,Q3
TXN0483,2024-07-16,Shopping,Myntra Order,7931.67,Debit Card,July,7,29,Tuesday,Q3
TXN0484,2024-07-16,Transportation,Ola Cab,185.01,UPI,July,7,29,Tuesday,Q3
TXN0485,2024-07-16,Transportation,Metro Card Recharge,786.75,Cash,July,7,29,Tuesday,Q3
TXN0486,2024-07-16,Food & Dining,Restaurant Bill,2355.6,Credit Card,July,7,29,Tuesday,Q3
TXN0487,2024-07-16,Transportation,Petrol,785.43,Cash,July,7,29,Tuesday,Q3
TXN0488,2024-07-17,Groceries,DMart Groceries,992.81,Credit Card,July,7,29,Wednesday,Q3
TXN0489,2024-07-19,Subscriptions,Cloud Storage,984.61,UPI,July,7,29,Friday,Q3
TXN0490,2024-07-19,Education,Course Fee,9141.45,Debit Card,July,7,29,Friday,Q3
TXN0491,2024-07-19,Food & Dining,Team Lunch,869.87,UPI,July,7,29,Friday,Q3
TXN0492,2024-07-20,Transportation,Ola Cab,352.45,UPI,July,7,29,Saturday,Q3
TXN0493,2024-07-21,Personal Care,Salon Visit,1528.37,UPI,July,7,29,Sunday,Q3
TXN0494,2024-07-21,Food & Dining,Team Lunch,987.17,UPI,July,7,29,Sunday,Q3
TXN0495,2024-07-21,Groceries,Big Basket,3715.57,UPI,July,7,29,Sunday,Q3
TXN0496,2024-07-22,Food & Dining,Team Lunch,141.19,Debit Card,July,7,30,Monday,Q3
TXN0497,2024-07-22,Subscriptions,Spotify,602.72,UPI,July,7,30,Monday,Q3
TXN0498,2024-07-22,Transportation,Petrol,703.23,Debit Card,July,7,30,Monday,Q3
TXN0499,2024-07-23,Groceries,Vegetables,3708.77,Debit Card,July,7,30,Tuesday,Q3
TXN0500,2024-07-24,Transportation,Uber Ride,617.48,UPI,July,7,30,Wednesday,Q3
TXN0501,2024-07-24,Personal Care,Skincare Products,338.18,UPI,July,7,30,Wednesday,Q3
TXN0502,2024-07-24,Entertainment,Movie Tickets,2931.71,Credit Card,July,7,30,Wednesday,Q3
TXN0503,2024-07-25,Food & Dining,Team Lunch,1126.1,UPI,July,7,30,Thursday,Q3
TXN0504,2024-07-25,Food & Dining,Restaurant Bill,1387.82,Cash,July,7,30,Thursday,Q3
TXN0505,2024-07-27,Transportation,Auto Rickshaw,251.51,Credit Card,July,7,30,Saturday,Q3
TXN0506,2024-07-28,Transportation,Petrol,440.13,Credit Card,July,7,30,Sunday,Q3
TXN0507,2024-07-28,Groceries,DMart Groceries,2432.24,Credit Card,July,7,30,Sunday,Q3
TXN0508,2024-07-28,Travel,Hotel Booking,10322.62,Credit Card,July,7,30,Sunday,Q3
TXN0509,2024-07-29,Utilities,Gas Bill,1492.06,UPI,July,7,31,Monday,Q3
TXN0510,2024-07-29,Healthcare,Pharmacy,481.04,UPI,July,7,31,Monday,Q3
TXN0511,2024-07-31,Transportation,Auto Rickshaw,293.44,UPI,July,7,31,Wednesday,Q3
TXN0512,2024-07-31,Entertainment,Concert Tickets,756.8,UPI,July,7,31,Wednesday,Q3
TXN0513,2024-08-01,Groceries,Monthly Kirana,1033.15,Cash,August,8,31,Thursday,Q3
TXN0514,2024-08-01,Transportation,Petrol,611.87,UPI,August,8,31,Thursday,Q3
TXN0515,2024-08-01,Utilities,Internet Bill,1455.0,Credit Card,August,8,31,Thursday,Q3
TXN0516,2024-08-01,Groceries,DMart Groceries,3029.47,Debit Card,August,8,31,Thursday,Q3
TXN0517,2024-08-01,Shopping,Clothes,438.18,UPI,August,8,31,Thursday,Q3
TXN0518,2024-08-02,Transportation,Auto Rickshaw,562.39,Debit Card,August,8,31,Friday,Q3
TXN0519,2024-08-02,Subscriptions,YouTube Premium,135.5,Cash,August,8,31,Friday,Q3
TXN0520,2024-08-02,Transportation,Metro Card Recharge,649.89,Credit Card,August,8,31,Friday,Q3
TXN0521,2024-08-02,Rent,House Rent,10987.52,Debit Card,August,8,31,Friday,Q3
TXN0522,2024-08-03,Travel,Train Ticket,23983.96,UPI,August,8,31,Saturday,Q3
TXN0523,2024-08-03,Groceries,Milk & Bread,3757.83,UPI,August,8,31,Saturday,Q3
TXN0524,2024-08-04,Transportation,Metro Card Recharge,529.34,Cash,August,8,31,Sunday,Q3
TXN0525,2024-08-04,Food & Dining,Zomato Order,868.12,Cash,August,8,31,Sunday,Q3
TXN0526,2024-08-04,Food & Dining,Restaurant Bill,2028.35,UPI,August,8,31,Sunday,Q3
TXN0527,2024-08-04,Shopping,Accessories,6280.67,UPI,August,8,31,Sunday,Q3
TXN0528,2024-08-04,Utilities,Water Bill,1295.45,UPI,August,8,31,Sunday,Q3
TXN0529,2024-08-04,Groceries,Monthly Kirana,2963.5,UPI,August,8,31,Sunday,Q3
TXN0530,2024-08-05,Groceries,Monthly Kirana,2537.73,Net Banking,August,8,32,Monday,Q3
TXN0531,2024-08-07,Food & Dining,Swiggy Delivery,964.83,UPI,August,8,32,Wednesday,Q3
TXN0532,2024-08-07,Food & Dining,Zomato Order,2301.75,UPI,August,8,32,Wednesday,Q3
TXN0533,2024-08-07,Food & Dining,Cafe Visit,210.41,UPI,August,8,32,Wednesday,Q3
TXN0534,2024-08-07,Utilities,Internet Bill,1848.35,Debit Card,August,8,32,Wednesday,Q3
TXN0535,2024-08-07,Food & Dining,Swiggy Delivery,750.3,UPI,August,8,32,Wednesday,Q3
TXN0536,2024-08-07,Shopping,Amazon Shopping,6360.87,Net Banking,August,8,32,Wednesday,Q3
TXN0537,2024-08-09,Food & Dining,Team Lunch,2000.36,Credit Card,August,8,32,Friday,Q3
TXN0538,2024-08-09,Groceries,DMart Groceries,531.02,Net Banking,August,8,32,Friday,Q3
TXN0539,2024-08-10,Food & Dining,Restaurant Bill,2126.11,Cash,August,8,32,Saturday,Q3
TXN0540,2024-08-11,Transportation,Ola Cab,113.07,UPI,August,8,32,Sunday,Q3
TXN0541,2024-08-11,Food & Dining,Restaurant Bill,2279.84,UPI,August,8,32,Sunday,Q3
TXN0542,2024-08-12,Subscriptions,Spotify,462.82,UPI,August,8,33,Monday,Q3
TXN0543,2024-08-12,Education,Online Course,8805.15,UPI,August,8,33,Monday,Q3
TXN0544,2024-08-13,Transportation,Metro Card Recharge,356.34,UPI,August,8,33,Tuesday,Q3
TXN0545,2024-08-13,Transportation,Uber Ride,695.8,UPI,August,8,33,Tuesday,Q3
TXN0546,2024-08-13,Groceries,Monthly Kirana,1346.63,Credit Card,August,8,33,Tuesday,Q3
TXN0547,2024-08-13,Food & Dining,Swiggy Delivery,941.41,Credit Card,August,8,33,Tuesday,Q3
TXN0548,2024-08-14,Education,Workshop,7749.98,Credit Card,August,8,33,Wednesday,Q3
TXN0549,2024-08-14,Transportation,Metro Card Recharge,681.15,Debit Card,August,8,33,Wednesday,Q3
TXN0550,2024-08-14,Food & Dining,Zomato Order,387.03,Debit Card,August,8,33,Wednesday,Q3
TXN0551,2024-08-15,Transportation,Uber Ride,705.07,Cash,August,8,33,Thursday,Q3
TXN0552,2024-08-15,Shopping,Amazon Shopping,558.82,UPI,August,8,33,Thursday,Q3
TXN0553,2024-08-15,Personal Care,Salon Visit,1971.23,Debit Card,August,8,33,Thursday,Q3
TXN0554,2024-08-15,Groceries,Milk & Bread,1500.24,UPI,August,8,33,Thursday,Q3
TXN0555,2024-08-16,Healthcare,Medicine,2983.92,Credit Card,August,8,33,Friday,Q3
TXN0556,2024-08-20,Groceries,Milk & Bread,1267.46,UPI,August,8,34,Tuesday,Q3
TXN0557,2024-08-20,Transportation,Petrol,772.24,UPI,August,8,34,Tuesday,Q3
TXN0558,2024-08-20,Subscriptions,Spotify,456.31,UPI,August,8,34,Tuesday,Q3
TXN0559,2024-08-21,Healthcare,Doctor Consultation,3852.76,UPI,August,8,34,Wednesday,Q3
TXN0560,2024-08-22,Groceries,DMart Groceries,1787.25,UPI,August,8,34,Thursday,Q3
TXN0561,2024-08-22,Groceries,Vegetables,2832.35,Net Banking,August,8,34,Thursday,Q3
TXN0562,2024-08-22,Subscriptions,YouTube Premium,536.4,Credit Card,August,8,34,Thursday,Q3
TXN0563,2024-08-23,Transportation,Ola Cab,235.65,Credit Card,August,8,34,Friday,Q3
TXN0564,2024-08-23,Food & Dining,Swiggy Delivery,1080.44,Cash,August,8,34,Friday,Q3
TXN0565,2024-08-23,Groceries,Monthly Kirana,510.08,Cash,August,8,34,Friday,Q3
TXN0566,2024-08-23,Food & Dining,Cafe Visit,406.19,UPI,August,8,34,Friday,Q3
TXN0567,2024-08-24,Travel,Goa Trip,12908.63,Credit Card,August,8,34,Saturday,Q3
TXN0568,2024-08-26,Transportation,Petrol,348.72,UPI,August,8,35,Monday,Q3
TXN0569,2024-08-26,Personal Care,Gym Membership,890.29,Debit Card,August,8,35,Monday,Q3
TXN0570,2024-08-28,Groceries,Big Basket,2288.95,UPI,August,8,35,Wednesday,Q3
TXN0571,2024-08-28,Personal Care,Haircut,1076.32,Credit Card,August,8,35,Wednesday,Q3
TXN0572,2024-08-28,Entertainment,Amazon Prime,244.3,UPI,August,8,35,Wednesday,Q3
TXN0573,2024-08-29,Transportation,Uber Ride,773.84,UPI,August,8,35,Thursday,Q3
TXN0574,2024-08-29,Utilities,Electricity Bill,557.64,Cash,August,8,35,Thursday,Q3
TXN0575,2024-08-29,Food & Dining,Cafe Visit,1224.79,UPI,August,8,35,Thursday,Q3
TXN0576,2024-08-30,Transportation,Uber Ride,434.52,UPI,August,8,35,Friday,Q3
TXN0577,2024-08-30,Transportation,Petrol,494.26,Cash,August,8,35,Friday,Q3
TXN0578,2024-08-30,Transportation,Petrol,214.41,Net Banking,August,8,35,Friday,Q3
TXN0579,2024-08-30,Food & Dining,Team Lunch,486.93,Cash,August,8,35,Friday,Q3
TXN0580,2024-09-01,Personal Care,Haircut,1910.5,Net Banking,September,9,35,Sunday,Q3
TXN0581,2024-09-02,Entertainment,Netflix,2412.95,Credit Card,September,9,36,Monday,Q3
TXN0582,2024-09-03,Food & Dining,Team Lunch,223.93,UPI,September,9,36,Tuesday,Q3
TXN0583,2024-09-03,Transportation,Metro Card Recharge,189.1,UPI,September,9,36,Tuesday,Q3
TXN0584,2024-09-03,Shopping,Flipkart,1299.66,Debit Card,September,9,36,Tuesday,Q3
TXN0585,2024-09-04,Education,Course Fee,1161.59,UPI,September,9,36,Wednesday,Q3
TXN0586,2024-09-04,Personal Care,Salon Visit,1981.16,Net Banking,September,9,36,Wednesday,Q3
TXN0587,2024-09-04,Shopping,Myntra Order,3872.27,Cash,September,9,36,Wednesday,Q3
TXN0588,2024-09-05,Food & Dining,Swiggy Delivery,1254.75,Debit Card,September,9,36,Thursday,Q3
TXN0589,2024-09-05,Personal Care,Salon Visit,216.53,UPI,September,9,36,Thursday,Q3
TXN0590,2024-09-06,Food & Dining,Swiggy Delivery,1348.74,Debit Card,September,9,36,Friday,Q3
TXN0591,2024-09-07,Transportation,Auto Rickshaw,147.56,Debit Card,September,9,36,Saturday,Q3
TXN0592,2024-09-07,Food & Dining,Cafe Visit,438.06,UPI,September,9,36,Saturday,Q3
TXN0593,2024-09-07,Transportation,Uber Ride,133.94,UPI,September,9,36,Saturday,Q3
TXN0594,2024-09-07,Education,Online Course,6468.26,Credit Card,September,9,36,Saturday,Q3
TXN0595,2024-09-07,Food & Dining,Zomato Order,208.52,UPI,September,9,36,Saturday,Q3
TXN0596,2024-09-08,Groceries,DMart Groceries,1551.71,UPI,September,9,36,Sunday,Q3
TXN0597,2024-09-09,Food & Dining,Restaurant Bill,2112.35,Credit Card,September,9,37,Monday,Q3
TXN0598,2024-09-09,Food & Dining,Zomato Order,326.66,Debit Card,September,9,37,Monday,Q3
TXN0599,2024-09-09,Food & Dining,Team Lunch,2357.28,Credit Card,September,9,37,Monday,Q3
TXN0600,2024-09-10,Healthcare,Lab Tests,2535.67,Credit Card,September,9,37,Tuesday,Q3
TXN0601,2024-09-10,Entertainment,Gaming,596.97,UPI,September,9,37,Tuesday,Q3
TXN0602,2024-09-10,Food & Dining,Swiggy Delivery,122.07,UPI,September,9,37,Tuesday,Q3
TXN0603,2024-09-11,Personal Care,Haircut,1083.43,UPI,September,9,37,Wednesday,Q3
TXN0604,2024-09-11,Transportation,Auto Rickshaw,64.78,UPI,September,9,37,Wednesday,Q3
TXN0605,2024-09-12,Food & Dining,Restaurant Bill,1264.67,UPI,September,9,37,Thursday,Q3
TXN0606,2024-09-13,Food & Dining,Cafe Visit,302.84,Credit Card,September,9,37,Friday,Q3
TXN0607,2024-09-13,Food & Dining,Cafe Visit,371.77,Net Banking,September,9,37,Friday,Q3
TXN0608,2024-09-13,Transportation,Uber Ride,290.56,Debit Card,September,9,37,Friday,Q3
TXN0609,2024-09-14,Subscriptions,Cloud Storage,109.54,Credit Card,September,9,37,Saturday,Q3
TXN0610,2024-09-14,Subscriptions,YouTube Premium,700.72,Debit Card,September,9,37,Saturday,Q3
TXN0611,2024-09-14,Utilities,Gas Bill,1402.82,Credit Card,September,9,37,Saturday,Q3
TXN0612,2024-09-15,Subscriptions,YouTube Premium,750.58,UPI,September,9,37,Sunday,Q3
TXN0613,2024-09-15,Food & Dining,Swiggy Delivery,1518.14,Debit Card,September,9,37,Sunday,Q3
TXN0614,2024-09-15,Food & Dining,Zomato Order,116.69,Credit Card,September,9,37,Sunday,Q3
TXN0615,2024-09-16,Transportation,Auto Rickshaw,223.75,Cash,September,9,38,Monday,Q3
TXN0616,2024-09-16,Food & Dining,Restaurant Bill,543.65,Net Banking,September,9,38,Monday,Q3
TXN0617,2024-09-16,Entertainment,Concert Tickets,2990.75,Debit Card,September,9,38,Monday,Q3
TXN0618,2024-09-17,Transportation,Petrol,293.89,Debit Card,September,9,38,Tuesday,Q3
TXN0619,2024-09-17,Food & Dining,Cafe Visit,2323.12,Debit Card,September,9,38,Tuesday,Q3
TXN0620,2024-09-17,Utilities,Internet Bill,1324.42,Debit Card,September,9,38,Tuesday,Q3
TXN0621,2024-09-18,Food & Dining,Swiggy Delivery,1282.28,UPI,September,9,38,Wednesday,Q3
TXN0622,2024-09-18,Transportation,Ola Cab,512.45,Credit Card,September,9,38,Wednesday,Q3
TXN0623,2024-09-18,Subscriptions,YouTube Premium,779.59,Credit Card,September,9,38,Wednesday,Q3
TXN0624,2024-09-18,Transportation,Ola Cab,650.58,Credit Card,September,9,38,Wednesday,Q3
TXN0625,2024-09-18,Transportation,Metro Card Recharge,620.07,Credit Card,September,9,38,Wednesday,Q3
TXN0626,2024-09-19,Entertainment,Concert Tickets,2138.05,UPI,September,9,38,Thursday,Q3
TXN0627,2024-09-19,Shopping,Flipkart,5023.74,UPI,September,9,38,Thursday,Q3
TXN0628,2024-09-20,Groceries,Monthly Kirana,3241.19,Debit Card,September,9,38,Friday,Q3
TXN0629,2024-09-20,Transportation,Auto Rickshaw,529.21,Debit Card,September,9,38,Friday,Q3
TXN0630,2024-09-20,Entertainment,Gaming,1825.33,UPI,September,9,38,Friday,Q3
TXN0631,2024-09-20,Education,Course Fee,8833.99,UPI,September,9,38,Friday,Q3
TXN0632,2024-09-20,Food & Dining,Cafe Visit,182.53,Cash,September,9,38,Friday,Q3
TXN0633,2024-09-21,Food & Dining,Swiggy Delivery,1529.53,Credit Card,September,9,38,Saturday,Q3
TXN0634,2024-09-21,Food & Dining,Cafe Visit,866.35,Net Banking,September,9,38,Saturday,Q3
TXN0635,2024-09-22,Transportation,Auto Rickshaw,552.04,UPI,September,9,38,Sunday,Q3
TXN0636,2024-09-22,Utilities,Internet Bill,1698.07,UPI,September,9,38,Sunday,Q3
TXN0637,2024-09-23,Transportation,Petrol,708.1,UPI,September,9,39,Monday,Q3
TXN0638,2024-09-23,Education,Certification,9956.66,Cash,September,9,39,Monday,Q3
TXN0639,2024-09-24,Food & Dining,Zomato Order,1129.59,Debit Card,September,9,39,Tuesday,Q3
TXN0640,2024-09-24,Food & Dining,Zomato Order,704.28,Credit Card,September,9,39,Tuesday,Q3
TXN0641,2024-09-24,Utilities,Electricity Bill,1878.39,UPI,September,9,39,Tuesday,Q3
TXN0642,2024-09-26,Transportation,Petrol,780.12,Net Banking,September,9,39,Thursday,Q3
TXN0643,2024-09-27,Entertainment,Amazon Prime,752.03,Credit Card,September,9,39,Friday,Q3
TXN0644,2024-09-27,Food & Dining,Swiggy Delivery,1194.57,Debit Card,September,9,39,Friday,Q3
TXN0645,2024-09-27,Utilities,Electricity Bill,666.21,Credit Card,September,9,39,Friday,Q3
TXN0646,2024-09-28,Groceries,DMart Groceries,3205.23,Credit Card,September,9,39,Saturday,Q3
TXN0647,2024-09-28,Food & Dining,Team Lunch,1340.07,Debit Card,September,9,39,Saturday,Q3
TXN0648,2024-09-28,Entertainment,Gaming,1619.15,UPI,September,9,39,Saturday,Q3
TXN0649,2024-09-28,Groceries,Milk & Bread,2727.89,Credit Card,September,9,39,Saturday,Q3
TXN0650,2024-09-29,Food & Dining,Restaurant Bill,719.79,Credit Card,September,9,39,Sunday,Q3
TXN0651,2024-09-29,Food & Dining,Team Lunch,2136.81,UPI,September,9,39,Sunday,Q3
TXN0652,2024-09-29,Food & Dining,Cafe Visit,607.48,UPI,September,9,39,Sunday,Q3
TXN0653,2024-09-30,Transportation,Petrol,698.27,Credit Card,September,9,40,Monday,Q3
TXN0654,2024-09-30,Food & Dining,Zomato Order,1173.79,Credit Card,September,9,40,Monday,Q3
TXN0655,2024-10-01,Groceries,Vegetables,1204.59,UPI,October,10,40,Tuesday,Q4
TXN0656,2024-10-01,Food & Dining,Cafe Visit,578.82,Debit Card,October,10,40,Tuesday,Q4
TXN0657,2024-10-02,Transportation,Ola Cab,490.91,Cash,October,10,40,Wednesday,Q4
TXN0658,2024-10-03,Food & Dining,Zomato Order,1306.33,Credit Card,October,10,40,Thursday,Q4
TXN0659,2024-10-04,Food & Dining,Restaurant Bill,1852.09,UPI,October,10,40,Friday,Q4
TXN0660,2024-10-04,Subscriptions,Spotify,586.27,UPI,October,10,40,Friday,Q4
TXN0661,2024-10-04,Groceries,Vegetables,1779.88,UPI,October,10,40,Friday,Q4
TXN0662,2024-10-04,Personal Care,Salon Visit,1746.86,UPI,October,10,40,Friday,Q4
TXN0663,2024-10-05,Shopping,Flipkart,6630.19,UPI,October,10,40,Saturday,Q4
TXN0664,2024-10-05,Personal Care,Haircut,1005.04,Credit Card,October,10,40,Saturday,Q4
TXN0665,2024-10-05,Entertainment,Gaming,1318.08,UPI,October,10,40,Saturday,Q4
TXN0666,2024-10-05,Subscriptions,Spotify,834.05,UPI,October,10,40,Saturday,Q4
TXN0667,2024-10-06,Groceries,DMart Groceries,3999.0,UPI,October,10,40,Sunday,Q4
TXN0668,2024-10-07,Entertainment,Movie Tickets,1542.19,UPI,October,10,41,Monday,Q4
TXN0669,2024-10-07,Transportation,Metro Card Recharge,243.42,UPI,October,10,41,Monday,Q4
TXN0670,2024-10-07,Healthcare,Pharmacy,3853.38,UPI,October,10,41,Monday,Q4
TXN0671,2024-10-08,Transportation,Auto Rickshaw,475.96,Cash,October,10,41,Tuesday,Q4
TXN0672,2024-10-08,Entertainment,Concert Tickets,556.16,Cash,October,10,41,Tuesday,Q4
TXN0673,2024-10-08,Food & Dining,Swiggy Delivery,1558.13,UPI,October,10,41,Tuesday,Q4
TXN0674,2024-10-08,Groceries,Vegetables,1015.56,UPI,October,10,41,Tuesday,Q4
TXN0675,2024-10-09,Travel,Flight Ticket,5220.55,UPI,October,10,41,Wednesday,Q4
TXN0676,2024-10-09,Food & Dining,Team Lunch,1794.98,UPI,October,10,41,Wednesday,Q4
TXN0677,2024-10-09,Food & Dining,Zomato Order,1465.8,UPI,October,10,41,Wednesday,Q4
TXN0678,2024-10-09,Groceries,Big Basket,2513.74,UPI,October,10,41,Wednesday,Q4
TXN0679,2024-10-09,Food & Dining,Zomato Order,1125.06,Debit Card,October,10,41,Wednesday,Q4
TXN0680,2024-10-09,Utilities,Gas Bill,1947.69,Credit Card,October,10,41,Wednesday,Q4
TXN0681,2024-10-10,Education,Course Fee,671.06,Net Banking,October,10,41,Thursday,Q4
TXN0682,2024-10-10,Shopping,Myntra Order,6244.5,UPI,October,10,41,Thursday,Q4
TXN0683,2024-10-10,Utilities,Gas Bill,1455.8,Debit Card,October,10,41,Thursday,Q4
TXN0684,2024-10-11,Utilities,Electricity Bill,1591.92,UPI,October,10,41,Friday,Q4
TXN0685,2024-10-11,Food & Dining,Restaurant Bill,452.98,Cash,October,10,41,Friday,Q4
TXN0686,2024-10-11,Transportation,Ola Cab,758.23,UPI,October,10,41,Friday,Q4
TXN0687,2024-10-12,Education,Workshop,938.17,Credit Card,October,10,41,Saturday,Q4
TXN0688,2024-10-12,Food & Dining,Swiggy Delivery,2080.32,UPI,October,10,41,Saturday,Q4
TXN0689,2024-10-12,Rent,Monthly Rent,13855.95,Credit Card,October,10,41,Saturday,Q4
TXN0690,2024-10-13,Entertainment,Netflix,371.78,Debit Card,October,10,41,Sunday,Q4
TXN0691,2024-10-13,Personal Care,Gym Membership,1532.28,UPI,October,10,41,Sunday,Q4
TXN0692,2024-10-14,Food & Dining,Restaurant Bill,212.55,UPI,October,10,42,Monday,Q4
TXN0693,2024-10-14,Utilities,Water Bill,1424.75,UPI,October,10,42,Monday,Q4
TXN0694,2024-10-14,Entertainment,Concert Tickets,541.7,Credit Card,October,10,42,Monday,Q4
TXN0695,2024-10-14,Food & Dining,Swiggy Delivery,1710.74,UPI,October,10,42,Monday,Q4
TXN0696,2024-10-14,Transportation,Metro Card Recharge,111.79,Debit Card,October,10,42,Monday,Q4
TXN0697,2024-10-15,Shopping,Amazon Shopping,1272.24,Debit Card,October,10,42,Tuesday,Q4
TXN0698,2024-10-15,Transportation,Auto Rickshaw,500.46,Cash,October,10,42,Tuesday,Q4
TXN0699,2024-10-15,Food & Dining,Restaurant Bill,180.48,Credit Card,October,10,42,Tuesday,Q4
TXN0700,2024-10-15,Transportation,Metro Card Recharge,764.49,Cash,October,10,42,Tuesday,Q4
TXN0701,2024-10-16,Subscriptions,Software License,249.17,Credit Card,October,10,42,Wednesday,Q4
TXN0702,2024-10-16,Food & Dining,Swiggy Delivery,726.14,UPI,October,10,42,Wednesday,Q4
TXN0703,2024-10-16,Groceries,Milk & Bread,771.77,Credit Card,October,10,42,Wednesday,Q4
TXN0704,2024-10-16,Entertainment,Gaming,665.73,Credit Card,October,10,42,Wednesday,Q4
TXN0705,2024-10-16,Groceries,Milk & Bread,1483.52,Debit Card,October,10,42,Wednesday,Q4
TXN0706,2024-10-17,Entertainment,Amazon Prime,2088.05,Credit Card,October,10,42,Thursday,Q4
TXN0707,2024-10-17,Transportation,Metro Card Recharge,220.45,UPI,October,10,42,Thursday,Q4
TXN0708,2024-10-17,Entertainment,Netflix,1826.61,UPI,October,10,42,Thursday,Q4
TXN0709,2024-10-17,Transportation,Metro Card Recharge,232.38,Debit Card,October,10,42,Thursday,Q4
TXN0710,2024-10-18,Food & Dining,Team Lunch,1003.02,UPI,October,10,42,Friday,Q4
TXN0711,2024-10-18,Utilities,Electricity Bill,1422.52,Debit Card,October,10,42,Friday,Q4
TXN0712,2024-10-19,Transportation,Metro Card Recharge,752.45,UPI,October,10,42,Saturday,Q4
TXN0713,2024-10-22,Food & Dining,Team Lunch,1831.83,UPI,October,10,43,Tuesday,Q4
TXN0714,2024-10-24,Entertainment,Movie Tickets,2769.71,Credit Card,October,10,43,Thursday,Q4
TXN0715,2024-10-24,Groceries,Vegetables,866.83,Credit Card,October,10,43,Thursday,Q4
TXN0716,2024-10-25,Food & Dining,Restaurant Bill,1537.67,Debit Card,October,10,43,Friday,Q4
TXN0717,2024-10-26,Transportation,Auto Rickshaw,466.52,Debit Card,October,10,43,Saturday,Q4
TXN0718,2024-10-27,Groceries,Vegetables,1466.83,Net Banking,October,10,43,Sunday,Q4
TXN0719,2024-10-27,Transportation,Uber Ride,227.77,UPI,October,10,43,Sunday,Q4
TXN0720,2024-10-28,Healthcare,Doctor Consultation,3156.73,UPI,October,10,44,Monday,Q4
TXN0721,2024-10-28,Food & Dining,Zomato Order,2419.97,Net Banking,October,10,44,Monday,Q4
TXN0722,2024-10-28,Shopping,Accessories,2036.67,UPI,October,10,44,Monday,Q4
TXN0723,2024-10-28,Food & Dining,Restaurant Bill,1575.88,Cash,October,10,44,Monday,Q4
TXN0724,2024-10-29,Food & Dining,Restaurant Bill,2306.02,UPI,October,10,44,Tuesday,Q4
TXN0725,2024-10-29,Transportation,Metro Card Recharge,115.03,Net Banking,October,10,44,Tuesday,Q4
TXN0726,2024-10-29,Personal Care,Skincare Products,463.13,UPI,October,10,44,Tuesday,Q4
TXN0727,2024-10-30,Transportation,Petrol,538.42,UPI,October,10,44,Wednesday,Q4
TXN0728,2024-10-30,Groceries,DMart Groceries,827.85,Debit Card,October,10,44,Wednesday,Q4
TXN0729,2024-10-30,Transportation,Metro Card Recharge,485.13,Credit Card,October,10,44,Wednesday,Q4
TXN0730,2024-10-30,Transportation,Ola Cab,581.27,Debit Card,October,10,44,Wednesday,Q4
TXN0731,2024-10-31,Transportation,Ola Cab,152.61,Net Banking,October,10,44,Thursday,Q4
TXN0732,2024-11-01,Personal Care,Haircut,1802.48,Debit Card,November,11,44,Friday,Q4
TXN0733,2024-11-01,Food & Dining,Team Lunch,2145.24,Credit Card,November,11,44,Friday,Q4
TXN0734,2024-11-02,Travel,Bus Ticket,12240.66,Debit Card,November,11,44,Saturday,Q4
TXN0735,2024-11-02,Food & Dining,Restaurant Bill,1732.74,Credit Card,November,11,44,Saturday,Q4
TXN0736,2024-11-02,Subscriptions,YouTube Premium,633.29,UPI,November,11,44,Saturday,Q4
TXN0737,2024-11-03,Food & Dining,Cafe Visit,1413.87,Credit Card,November,11,44,Sunday,Q4
TXN0738,2024-11-03,Entertainment,Netflix,686.51,Debit Card,November,11,44,Sunday,Q4
TXN0739,2024-11-03,Transportation,Uber Ride,578.51,UPI,November,11,44,Sunday,Q4
TXN0740,2024-11-04,Food & Dining,Swiggy Delivery,2275.53,Credit Card,November,11,45,Monday,Q4
TXN0741,2024-11-05,Groceries,Vegetables,1197.25,Cash,November,11,45,Tuesday,Q4
TXN0742,2024-11-05,Personal Care,Skincare Products,1222.21,Debit Card,November,11,45,Tuesday,Q4
TXN0743,2024-11-06,Transportation,Metro Card Recharge,396.46,Net Banking,November,11,45,Wednesday,Q4
TXN0744,2024-11-07,Healthcare,Lab Tests,2609.84,UPI,November,11,45,Thursday,Q4
TXN0745,2024-11-07,Food & Dining,Restaurant Bill,1368.09,Credit Card,November,11,45,Thursday,Q4
TXN0746,2024-11-07,Transportation,Petrol,211.21,UPI,November,11,45,Thursday,Q4
TXN0747,2024-11-07,Groceries,Vegetables,3969.65,Credit Card,November,11,45,Thursday,Q4
TXN0748,2024-11-08,Healthcare,Doctor Consultation,4678.94,Credit Card,November,11,45,Friday,Q4
TXN0749,2024-11-08,Transportation,Metro Card Recharge,215.36,UPI,November,11,45,Friday,Q4
TXN0750,2024-11-08,Groceries,Milk & Bread,1801.09,UPI,November,11,45,Friday,Q4
TXN0751,2024-11-08,Food & Dining,Cafe Visit,111.12,UPI,November,11,45,Friday,Q4
TXN0752,2024-11-09,Healthcare,Medicine,3596.87,Debit Card,November,11,45,Saturday,Q4
TXN0753,2024-11-09,Shopping,Myntra Order,5026.09,Credit Card,November,11,45,Saturday,Q4
TXN0754,2024-11-09,Utilities,Internet Bill,1192.92,Net Banking,November,11,45,Saturday,Q4
TXN0755,2024-11-10,Transportation,Petrol,758.2,Credit Card,November,11,45,Sunday,Q4
TXN0756,2024-11-11,Transportation,Ola Cab,461.37,Credit Card,November,11,46,Monday,Q4
TXN0757,2024-11-12,Food & Dining,Swiggy Delivery,2074.7,Debit Card,November,11,46,Tuesday,Q4
TXN0758,2024-11-12,Food & Dining,Zomato Order,1298.06,Credit Card,November,11,46,Tuesday,Q4
TXN0759,2024-11-12,Personal Care,Gym Membership,931.22,Cash,November,11,46,Tuesday,Q4
TXN0760,2024-11-13,Food & Dining,Cafe Visit,633.06,UPI,November,11,46,Wednesday,Q4
TXN0761,2024-11-13,Transportation,Petrol,409.91,Credit Card,November,11,46,Wednesday,Q4
TXN0762,2024-11-13,Transportation,Metro Card Recharge,509.19,Credit Card,November,11,46,Wednesday,Q4
TXN0763,2024-11-14,Transportation,Uber Ride,538.64,UPI,November,11,46,Thursday,Q4
TXN0764,2024-11-14,Food & Dining,Cafe Visit,1005.49,UPI,November,11,46,Thursday,Q4
TXN0765,2024-11-15,Groceries,DMart Groceries,1547.88,UPI,November,11,46,Friday,Q4
TXN0766,2024-11-15,Groceries,Big Basket,1606.95,UPI,November,11,46,Friday,Q4
TXN0767,2024-11-15,Utilities,Internet Bill,1136.45,UPI,November,11,46,Friday,Q4
TXN0768,2024-11-15,Healthcare,Pharmacy,4040.34,UPI,November,11,46,Friday,Q4
TXN0769,2024-11-17,Groceries,Vegetables,755.16,Credit Card,November,11,46,Sunday,Q4
TXN0770,2024-11-19,Personal Care,Gym Membership,1709.82,Cash,November,11,47,Tuesday,Q4
TXN0771,2024-11-19,Subscriptions,YouTube Premium,444.45,Credit Card,November,11,47,Tuesday,Q4
TXN0772,2024-11-19,Personal Care,Salon Visit,660.96,Cash,November,11,47,Tuesday,Q4
TXN0773,2024-11-19,Transportation,Ola Cab,586.66,Credit Card,November,11,47,Tuesday,Q4
TXN0774,2024-11-20,Subscriptions,Software License,576.98,Debit Card,November,11,47,Wednesday,Q4
TXN0775,2024-11-20,Shopping,Flipkart,6507.71,Debit Card,November,11,47,Wednesday,Q4
TXN0776,2024-11-20,Education,Workshop,2896.92,UPI,November,11,47,Wednesday,Q4
TXN0777,2024-11-22,Food & Dining,Swiggy Delivery,1116.16,UPI,November,11,47,Friday,Q4
TXN0778,2024-11-22,Shopping,Accessories,5564.91,Credit Card,November,11,47,Friday,Q4
TXN0779,2024-11-23,Food & Dining,Cafe Visit,2087.06,Debit Card,November,11,47,Saturday,Q4
TXN0780,2024-11-23,Education,Online Course,1724.06,Credit Card,November,11,47,Saturday,Q4
TXN0781,2024-11-23,Food & Dining,Restaurant Bill,1663.28,Debit Card,November,11,47,Saturday,Q4
TXN0782,2024-11-24,Utilities,Electricity Bill,1072.91,UPI,November,11,47,Sunday,Q4
TXN0783,2024-11-26,Entertainment,Netflix,2510.8,UPI,November,11,48,Tuesday,Q4
TXN0784,2024-11-26,Transportation,Ola Cab,331.75,UPI,November,11,48,Tuesday,Q4
TXN0785,2024-11-27,Transportation,Uber Ride,180.65,Net Banking,November,11,48,Wednesday,Q4
TXN0786,2024-11-28,Entertainment,Netflix,1977.89,Debit Card,November,11,48,Thursday,Q4
TXN0787,2024-11-29,Education,Workshop,7560.34,UPI,November,11,48,Friday,Q4
TXN0788,2024-11-30,Transportation,Petrol,749.02,UPI,November,11,48,Saturday,Q4
TXN0789,2024-12-01,Entertainment,Gaming,793.55,Debit Card,December,12,48,Sunday,Q4
TXN0790,2024-12-01,Transportation,Metro Card Recharge,543.84,Cash,December,12,48,Sunday,Q4
TXN0791,2024-12-02,Groceries,Milk & Bread,2740.69,UPI,December,12,49,Monday,Q4
TXN0792,2024-12-04,Food & Dining,Team Lunch,1283.26,UPI,December,12,49,Wednesday,Q4
TXN0793,2024-12-04,Food & Dining,Cafe Visit,1495.13,Cash,December,12,49,Wednesday,Q4
TXN0794,2024-12-06,Food & Dining,Swiggy Delivery,1898.99,UPI,December,12,49,Friday,Q4
TXN0795,2024-12-06,Food & Dining,Cafe Visit,1634.47,Debit Card,December,12,49,Friday,Q4
TXN0796,2024-12-06,Transportation,Auto Rickshaw,120.43,Debit Card,December,12,49,Friday,Q4
TXN0797,2024-12-06,Subscriptions,Software License,407.2,UPI,December,12,49,Friday,Q4
TXN0798,2024-12-07,Entertainment,Netflix,2074.56,Net Banking,December,12,49,Saturday,Q4
TXN0799,2024-12-07,Transportation,Metro Card Recharge,634.82,UPI,December,12,49,Saturday,Q4
TXN0800,2024-12-08,Groceries,Monthly Kirana,2541.43,Credit Card,December,12,49,Sunday,Q4
TXN0801,2024-12-08,Utilities,Internet Bill,1277.61,UPI,December,12,49,Sunday,Q4
TXN0802,2024-12-08,Transportation,Metro Card Recharge,659.74,Debit Card,December,12,49,Sunday,Q4
TXN0803,2024-12-09,Transportation,Ola Cab,374.94,Net Banking,December,12,50,Monday,Q4
TXN0804,2024-12-10,Shopping,Accessories,7592.18,Net Banking,December,12,50,Tuesday,Q4
TXN0805,2024-12-10,Entertainment,Gaming,362.86,Net Banking,December,12,50,Tuesday,Q4
TXN0806,2024-12-10,Transportation,Auto Rickshaw,777.06,UPI,December,12,50,Tuesday,Q4
TXN0807,2024-12-11,Food & Dining,Cafe Visit,334.41,Debit Card,December,12,50,Wednesday,Q4
TXN0808,2024-12-11,Food & Dining,Cafe Visit,1329.02,UPI,December,12,50,Wednesday,Q4
TXN0809,2024-12-11,Food & Dining,Zomato Order,160.84,Net Banking,December,12,50,Wednesday,Q4
TXN0810,2024-12-12,Food & Dining,Cafe Visit,1185.32,UPI,December,12,50,Thursday,Q4
TXN0811,2024-12-13,Food & Dining,Zomato Order,2409.21,UPI,December,12,50,Friday,Q4
TXN0812,2024-12-14,Rent,Flat Rent,10855.89,Credit Card,December,12,50,Saturday,Q4
TXN0813,2024-12-15,Food & Dining,Cafe Visit,1397.52,Credit Card,December,12,50,Sunday,Q4
TXN0814,2024-12-15,Entertainment,Netflix,707.22,Debit Card,December,12,50,Sunday,Q4
TXN0815,2024-12-15,Shopping,Myntra Order,6704.07,UPI,December,12,50,Sunday,Q4
TXN0816,2024-12-15,Food & Dining,Zomato Order,547.76,UPI,December,12,50,Sunday,Q4
TXN0817,2024-12-16,Personal Care,Salon Visit,342.95,Debit Card,December,12,51,Monday,Q4
TXN0818,2024-12-16,Groceries,Big Basket,2859.46,UPI,December,12,51,Monday,Q4
TXN0819,2024-12-17,Transportation,Ola Cab,628.14,Cash,December,12,51,Tuesday,Q4
TXN0820,2024-12-17,Transportation,Petrol,456.86,Credit Card,December,12,51,Tuesday,Q4
TXN0821,2024-12-18,Subscriptions,Spotify,403.97,Debit Card,December,12,51,Wednesday,Q4
TXN0822,2024-12-18,Shopping,Amazon Shopping,526.1,Debit Card,December,12,51,Wednesday,Q4
TXN0823,2024-12-18,Transportation,Auto Rickshaw,438.28,UPI,December,12,51,Wednesday,Q4
TXN0824,2024-12-20,Food & Dining,Cafe Visit,347.5,Cash,December,12,51,Friday,Q4
TXN0825,2024-12-20,Education,Online Course,1061.39,Cash,December,12,51,Friday,Q4
TXN0826,2024-12-20,Transportation,Uber Ride,632.0,Credit Card,December,12,51,Friday,Q4
TXN0827,2024-12-20,Groceries,Monthly Kirana,2421.96,Credit Card,December,12,51,Friday,Q4
TXN0828,2024-12-21,Food & Dining,Team Lunch,2305.0,Debit Card,December,12,51,Saturday,Q4
TXN0829,2024-12-21,Groceries,Milk & Bread,3820.96,UPI,December,12,51,Saturday,Q4
TXN0830,2024-12-22,Food & Dining,Zomato Order,1901.48,Debit Card,December,12,51,Sunday,Q4
TXN0831,2024-12-22,Subscriptions,Cloud Storage,209.7,Credit Card,December,12,51,Sunday,Q4
TXN0832,2024-12-24,Healthcare,Medicine,215.45,Credit Card,December,12,52,Tuesday,Q4
TXN0833,2024-12-25,Transportation,Ola Cab,527.32,Debit Card,December,12,52,Wednesday,Q4
TXN0834,2024-12-25,Rent,Monthly Rent,11515.37,Credit Card,December,12,52,Wednesday,Q4
TXN0835,2024-12-25,Entertainment,Gaming,2352.08,UPI,December,12,52,Wednesday,Q4
TXN0836,2024-12-25,Food & Dining,Swiggy Delivery,1771.6,Credit Card,December,12,52,Wednesday,Q4
TXN0837,2024-12-25,Food & Dining,Restaurant Bill,1500.14,Credit Card,December,12,52,Wednesday,Q4
TXN0838,2024-12-26,Groceries,DMart Groceries,2066.86,UPI,December,12,52,Thursday,Q4
TXN0839,2024-12-27,Transportation,Metro Card Recharge,155.01,UPI,December,12,52,Friday,Q4
TXN0840,2024-12-28,Shopping,Myntra Order,1372.19,Credit Card,December,12,52,Saturday,Q4
TXN0841,2024-12-28,Subscriptions,YouTube Premium,448.19,UPI,December,12,52,Saturday,Q4
TXN0842,2024-12-29,Food & Dining,Restaurant Bill,1440.17,Credit Card,December,12,52,Sunday,Q4
TXN0843,2024-12-29,Shopping,Amazon Shopping,3836.34,UPI,December,12,52,Sunday,Q4
TXN0844,2024-12-29,Subscriptions,Software License,817.54,Debit Card,December,12,52,Sunday,Q4
TXN0845,2024-12-29,Shopping,Flipkart,643.38,UPI,December,12,52,Sunday,Q4
TXN0846,2024-12-29,Personal Care,Salon Visit,1358.62,UPI,December,12,52,Sunday,Q4
TXN0847,2024-12-29,Food & Dining,Swiggy Delivery,1334.16,Credit Card,December,12,52,Sunday,Q4
TXN0848,2024-12-30,Food & Dining,Team Lunch,892.84,Cash,December,12,1,Monday,Q4
TXN0849,2024-12-30,Transportation,Uber Ride,166.0,Credit Card,December,12,1,Monday,Q4
TXN0850,2024-12-30,Subscriptions,Software License,973.82,UPI,December,12,1,Monday,Q4
TXN0851,2024-12-30,Personal Care,Skincare Products,1951.31,UPI,December,12,1,Monday,Q4
TXN0852,2024-12-30,Shopping,Flipkart,6325.88,UPI,December,12,1,Monday,Q4
